Campaign name,DMA region,Reach,Amount spent (USD),Link clicks,Unique purchases,Purchases,Purchases conversion value,Reporting starts,Reporting ends
Video Retargeting | Southern US | 4.4.22,Syracuse,1120,252.8411641,18,6,,,4/1/22,5/4/22
Video Retargeting | Southern US | 4.4.22,"Columbus, OH",1120,22.07010161,1,2,,,4/1/22,5/4/22
Video Retargeting | Southern US | 4.4.22,Chicago,3264,162.240747,24,2,,,4/1/22,5/4/22
Video Retargeting | Southern US | 4.4.22,Cleveland-Akron (Canton),2400,254.1611702,33,2,,,4/1/22,5/4/22
Video Retargeting | Southern US | 4.4.22,Buffalo,576,33.02015203,10,2,,,4/1/22,5/4/22
Video Retargeting | Southern US | 4.4.22,New York,2880,30.23013918,1,1,,,4/1/22,5/4/22
Prospecting | new markets | 4.11.22,Chicago,50880,967.3495312,4037,1,,,4/1/22,5/4/22
Video Retargeting | Southern US | 4.4.22,Binghamton,192,11.85005456,1,1,,,4/1/22,5/4/22
Video Retargeting | Southern US | 4.4.22,Indianapolis,1952,69.51032003,12,1,,,4/1/22,5/4/22
Video Retargeting | Southern US | 4.4.22,Minneapolis-St. Paul,4320,308.1614188,34,1,,,4/1/22,5/4/22
Video Retargeting | Southern US | 4.4.22,Grand Rapids-Kalmzoo-B.Crk,1312,50.67023329,7,1,,,4/1/22,5/4/22
Video Retargeting | Southern US | 4.4.22,Atlanta,2272,31.74014613,10,1,,,4/1/22,5/4/22
Prospecting | new markets | 4.11.22,Grand Rapids-Kalmzoo-B.Crk,4032,64.91063956,435,1,,,4/1/22,5/4/22
Video Retargeting | Southern US | 4.4.22,Madison,768,9.460043554,1,1,,,4/1/22,5/4/22
Video Retargeting | Southern US | 4.4.22,"Rochester, NY",800,93.15042887,14,1,,,4/1/22,5/4/22
Video Retargeting | Southern US | 4.4.22,Orlando-Daytona Bch-Melbrn,1056,21.81010041,6,1,,,4/1/22,5/4/22
Video Retargeting | Southern US | 4.4.22,Wilmington,160,0.920004236,,,,,4/1/22,5/4/22
Video Retargeting | Southern US | 4.4.22,Huntsville-Decatur (Flor),672,1.59000732,2,,,,4/1/22,5/4/22
Video Retargeting | Southern US | 4.4.22,Meridian,93,0.140000645,,,,,4/1/22,5/4/22
Video Retargeting | Southern US | 4.4.22,Spokane,1056,2.100009669,,,,,4/1/22,5/4/22
Video Retargeting | Southern US | 4.4.22,Miami-Ft. Lauderdale,320,1.550007136,,,,,4/1/22,5/4/22
Video Retargeting | Southern US | 4.4.22,Hartford & New Haven,960,3.450015884,2,,,,4/1/22,5/4/22
Video Retargeting | Southern US | 4.4.22,Ft. Smith-Fay-Sprngdl-Rgrs,544,1.620007459,,,,,4/1/22,5/4/22
Video Retargeting | Southern US | 4.4.22,Elmira (Corning),128,1.230005663,,,,,4/1/22,5/4/22
Video Retargeting | Southern US | 4.4.22,Palm Springs,128,0.680003131,,,,,4/1/22,5/4/22
Video Retargeting | Southern US | 4.4.22,"Columbia, SC",512,1.150005295,,,,,4/1/22,5/4/22
Video Retargeting | Southern US | 4.4.22,Laredo,96,0.840003867,1,,,,4/1/22,5/4/22
Video Retargeting | Southern US | 4.4.22,Wichita Falls & Lawton,192,0.600002762,,,,,4/1/22,5/4/22
Video Retargeting | Southern US | 4.4.22,Tucson (Sierra Vista),416,0.710003269,,,,,4/1/22,5/4/22
Video Retargeting | Southern US | 4.4.22,Roanoke-Lynchburg,736,1.850008517,,,,,4/1/22,5/4/22
Video Retargeting | Southern US | 4.4.22,Colorado Springs-Pueblo,352,0.880004052,1,,,,4/1/22,5/4/22
Video Retargeting | Southern US | 4.4.22,Minot-Bsmrck-Dcknsn(Wlstn),32,0.830003821,,,,,4/1/22,5/4/22
Video Retargeting | Southern US | 4.4.22,Bangor,256,0.590002716,,,,,4/1/22,5/4/22
Video Retargeting | Southern US | 4.4.22,Columbus-Tupelo-W Pnt-Hstn,192,0.680003131,,,,,4/1/22,5/4/22
Video Retargeting | Southern US | 4.4.22,"Tri-Cities, TN-VA",800,1.790008241,,,,,4/1/22,5/4/22
Video Retargeting | Southern US | 4.4.22,Alpena,25,0,,,,,4/1/22,5/4/22
IG | partner video | 3.25.22 | mowz (providers),Tampa-St. Pete (Sarasota),64,0.31,,,,,4/1/22,5/4/22
IG | partner video | 3.25.22 | mowz (providers),Syracuse,896,11.18,6,,,,4/1/22,5/4/22
IG | partner video | 3.25.22 | mowz (providers),Madison,1216,10.48,9,,,,4/1/22,5/4/22
IG | partner video | 3.25.22 | mowz (providers),Buffalo,1408,17.6,12,,,,4/1/22,5/4/22
IG | partner video | 3.25.22 | mowz (providers),"Rochester, NY",1056,8.71,7,,,,4/1/22,5/4/22
IG | partner video | 3.25.22 | mowz (providers),Orlando-Daytona Bch-Melbrn,1600,19.12,13,,,,4/1/22,5/4/22
IG | partner video | 3.25.22 | mowz (providers),Pittsburgh,2208,22.08,19,,,,4/1/22,5/4/22
IG | partner video | 3.25.22 | mowz (providers),Miami-Ft. Lauderdale,3072,34.7,31,,,,4/1/22,5/4/22
IG | partner video | 3.25.22 | mowz (providers),Chicago,6560,76.24,74,,,,4/1/22,5/4/22
Video Retargeting | Southern US | 4.4.22,Wausau-Rhinelander,448,1.150005295,,,,,4/1/22,5/4/22
Video Retargeting | Southern US | 4.4.22,Glendive,0,0.010000046,,,,,4/1/22,5/4/22
Video Retargeting | Southern US | 4.4.22,South Bend-Elkhart,544,1.550007136,,,,,4/1/22,5/4/22
Video Retargeting | Southern US | 4.4.22,San Diego,480,1.470006768,,,,,4/1/22,5/4/22
Video Retargeting | Southern US | 4.4.22,Greensboro-H.Point-W.Salem,896,4.190019291,3,,,,4/1/22,5/4/22
Video Retargeting | Southern US | 4.4.22,Louisville,1088,3.100014273,1,,,,4/1/22,5/4/22
Video Retargeting | Southern US | 4.4.22,Denver,1440,14.69006763,1,,,,4/1/22,5/4/22
Video Retargeting | Southern US | 4.4.22,Augusta-Aiken,288,0.710003269,,,,,4/1/22,5/4/22
Video Retargeting | Southern US | 4.4.22,West Palm Beach-Ft. Pierce,384,2.280010497,,,,,4/1/22,5/4/22
Video Retargeting | Southern US | 4.4.22,Mankato,0,0.510002348,,,,,4/1/22,5/4/22
Video Retargeting | Southern US | 4.4.22,Greenvll-Spart-Ashevll-And,1472,4.510020764,,,,,4/1/22,5/4/22
Video Retargeting | Southern US | 4.4.22,Pittsburgh,832,12.82005902,1,,,,4/1/22,5/4/22
Video Retargeting | Southern US | 4.4.22,Utica,192,4.090018831,1,,,,4/1/22,5/4/22
Video Retargeting | Southern US | 4.4.22,San Antonio,832,3.250014963,,,,,4/1/22,5/4/22
Video Retargeting | Southern US | 4.4.22,Corpus Christi,416,2.290010543,,,,,4/1/22,5/4/22
Video Retargeting | Southern US | 4.4.22,Phoenix (Prescott),1024,5.560025599,2,,,,4/1/22,5/4/22
Video Retargeting | Southern US | 4.4.22,Birmingham (Ann And Tusc),1152,3.4100157,,,,,4/1/22,5/4/22
Video Retargeting | Southern US | 4.4.22,Bowling Green,64,1.200005525,,,,,4/1/22,5/4/22
Video Retargeting | Southern US | 4.4.22,Seattle-Tacoma,1696,4.600021179,3,,,,4/1/22,5/4/22
Video Retargeting | Southern US | 4.4.22,Traverse City-Cadillac,384,1.430006584,1,,,,4/1/22,5/4/22
Video Retargeting | Southern US | 4.4.22,Duluth-Superior,192,1.06000488,,,,,4/1/22,5/4/22
Video Retargeting | Southern US | 4.4.22,Billings,192,0.510002348,,,,,4/1/22,5/4/22
Video Retargeting | Southern US | 4.4.22,Peoria-Bloomington,416,1.270005847,,,,,4/1/22,5/4/22
Video Retargeting | Southern US | 4.4.22,Oklahoma City,1312,2.970013674,,,,,4/1/22,5/4/22
Video Retargeting | Southern US | 4.4.22,Sacramnto-Stkton-Modesto,1664,4.180019245,2,,,,4/1/22,5/4/22
Video Retargeting | Southern US | 4.4.22,Norfolk-Portsmth-Newpt Nws,896,1.980009116,1,,,,4/1/22,5/4/22
Video Retargeting | Southern US | 4.4.22,Youngstown,416,1.790008241,,,,,4/1/22,5/4/22
IG | partner video | 3.25.22 | mowz (providers),Albany-Schenectady-Troy,736,9.41,10,,,,4/1/22,5/4/22
Video Retargeting | Southern US | 4.4.22,Montgomery-Selma,320,0.780003591,,,,,4/1/22,5/4/22
Video Retargeting | Southern US | 4.4.22,Rockford,192,1.360006262,,,,,4/1/22,5/4/22
Video Retargeting | Southern US | 4.4.22,Lexington,1120,2.870013214,2,,,,4/1/22,5/4/22
Video Retargeting | Southern US | 4.4.22,Salt Lake City,1024,4.530020856,1,,,,4/1/22,5/4/22
Video Retargeting | Southern US | 4.4.22,Portland-Auburn,768,2.290010543,,,,,4/1/22,5/4/22
Video Retargeting | Southern US | 4.4.22,"Columbus, GA (Opelika, Al)",256,0.640002947,1,,,,4/1/22,5/4/22
IG | partner video | 3.25.22 | mowz (providers),Raleigh-Durham (Fayetvlle),2432,28.37,19,,,,4/1/22,5/4/22
IG | partner video | 3.25.22 | mowz (providers),Grand Rapids-Kalmzoo-B.Crk,1152,9.25,5,,,,4/1/22,5/4/22
Prospecting | new markets | 4.11.22,Kansas City,6784,119.7711801,782,,,,4/1/22,5/4/22
Prospecting | new markets | 4.11.22,"Rochester, NY",4672,88.49087189,465,,,,4/1/22,5/4/22
Prospecting | new markets | 4.11.22,San Antonio,7232,108.5810698,516,,,,4/1/22,5/4/22
Prospecting | new markets | 4.11.22,Omaha,7040,89.31087997,607,,,,4/1/22,5/4/22
Prospecting | new markets | 4.11.22,Miami-Ft. Lauderdale,6592,129.8512794,538,,,,4/1/22,5/4/22
Prospecting | new markets | 4.11.22,New Orleans,5376,101.9510045,636,,,,4/1/22,5/4/22
Prospecting | new markets | 4.11.22,"Portland, OR",6784,131.9212998,782,,,,4/1/22,5/4/22
Prospecting | new markets | 4.11.22,St. Louis,7680,119.1011735,727,,,,4/1/22,5/4/22
Prospecting | new markets | 4.11.22,Richmond-Petersburg,5248,86.32085051,398,,,,4/1/22,5/4/22
Prospecting | new markets | 4.11.22,Baltimore,8896,134.9913301,849,,,,4/1/22,5/4/22
Prospecting | new markets | 4.11.22,Cincinnati,9792,156.2115391,869,,,,4/1/22,5/4/22
Prospecting | new markets | 4.11.22,Louisville,7936,139.251372,837,,,,4/1/22,5/4/22
Prospecting | new markets | 4.11.22,Buffalo,7808,147.6614549,807,,,,4/1/22,5/4/22
Prospecting | new markets | 4.11.22,Houston,11584,184.2418153,1079,,,,4/1/22,5/4/22
Prospecting | new markets | 4.11.22,Dallas-Ft. Worth,11456,212.5820945,972,,,,4/1/22,5/4/22
Prospecting | new markets | 4.11.22,"Columbus, OH",13824,167.9416547,1107,,,,4/1/22,5/4/22
Prospecting | new markets | 4.11.22,Madison,6336,85.87084607,613,,,,4/1/22,5/4/22
Prospecting | new markets | 4.11.22,Tampa-St. Pete (Sarasota),5120,75.15074045,459,,,,4/1/22,5/4/22
Prospecting | new markets | 4.11.22,Cleveland-Akron (Canton),15232,248.1224447,1302,,,,4/1/22,5/4/22
Prospecting | new markets | 4.11.22,Unknown,3072,37.4303688,184,,,,4/1/22,5/4/22
Prospecting | new markets | 4.11.22,Lansing,128,2.070020396,13,,,,4/1/22,5/4/22
Prospecting | new markets | 4.11.22,Springfield-Holyoke,192,3.270032219,14,,,,4/1/22,5/4/22
Prospecting | new markets | 4.11.22,Toledo,64,2.830027884,18,,,,4/1/22,5/4/22
Prospecting | new markets | 4.11.22,Hartford & New Haven,320,4.270042072,25,,,,4/1/22,5/4/22
Prospecting | new markets | 4.11.22,Erie,599,7.260071533,14,,,,4/1/22,5/4/22
Prospecting | new markets | 4.11.22,Providence-New Bedford,832,12.73012543,53,,,,4/1/22,5/4/22
Prospecting | new markets | 4.11.22,"Charleston, SC",2944,33.77033273,195,,,,4/1/22,5/4/22
Prospecting | new markets | 4.11.22,Raleigh-Durham (Fayetvlle),4416,76.09074971,353,,,,4/1/22,5/4/22
Prospecting | new markets | 4.11.22,Greensboro-H.Point-W.Salem,2368,39.67039087,252,,,,4/1/22,5/4/22
Prospecting | new markets | 4.11.22,Wilkes Barre-Scranton-Hztn,2816,38.7503818,236,,,,4/1/22,5/4/22
Prospecting | new markets | 4.11.22,Spokane,2176,48.3004759,337,,,,4/1/22,5/4/22
Prospecting | new markets | 4.11.22,Baton Rouge,2432,43.61042969,261,,,,4/1/22,5/4/22
Prospecting | new markets | 4.11.22,Des Moines-Ames,3904,58.71057847,341,,,,4/1/22,5/4/22
Prospecting | new markets | 4.11.22,Orlando-Daytona Bch-Melbrn,3904,63.39062458,366,,,,4/1/22,5/4/22
Prospecting | new markets | 4.11.22,Jacksonville,4608,65.76064793,420,,,,4/1/22,5/4/22
Prospecting | new markets | 4.11.22,Milwaukee,15424,244.492409,1322,,,,4/1/22,5/4/22
Prospecting | new markets | 4.11.22,Indianapolis,14016,247.0024337,1293,,,,4/1/22,5/4/22
IG | partner video | 3.25.22 | mowz (providers),Boston (Manchester),3616,36.98,35,,,,4/1/22,5/4/22
IG | partner video | 3.25.22 | mowz (providers),Cleveland-Akron (Canton),1920,21.62,24,,,,4/1/22,5/4/22
IG | partner video | 3.25.22 | mowz (providers),New York,3232,56.82,55,,,,4/1/22,5/4/22
IG | partner video | 3.25.22 | mowz (providers),Des Moines-Ames,1664,23.6,15,,,,4/1/22,5/4/22
IG | partner video | 3.25.22 | mowz (providers),Greensboro-H.Point-W.Salem,32,0.66,,,,,4/1/22,5/4/22
IG | partner video | 3.25.22 | mowz (providers),West Palm Beach-Ft. Pierce,128,2.05,2,,,,4/1/22,5/4/22
IG | partner video | 3.25.22 | mowz (providers),Youngstown,27,0.09,,,,,4/1/22,5/4/22
IG | partner video | 3.25.22 | mowz (providers),Jacksonville,2592,22.81,24,,,,4/1/22,5/4/22
IG | partner video | 3.25.22 | mowz (providers),Charlotte,5728,62.7,55,,,,4/1/22,5/4/22
IG | partner video | 3.25.22 | mowz (providers),Erie,1248,22.32,22,,,,4/1/22,5/4/22
IG | partner video | 3.25.22 | mowz (providers),Indianapolis,3904,43,34,,,,4/1/22,5/4/22
IG | partner video | 3.25.22 | mowz (providers),Dallas-Ft. Worth,4928,47.82,28,,,,4/1/22,5/4/22
IG | partner video | 3.25.22 | mowz (providers),Binghamton,416,4.61,6,,,,4/1/22,5/4/22
IG | partner video | 3.25.22 | mowz (providers),Atlanta,6688,66.31,59,,,,4/1/22,5/4/22
IG | partner video | 3.25.22 | mowz (providers),"Columbus, OH",3296,24.79,29,,,,4/1/22,5/4/22
IG | partner video | 3.25.22 | mowz (providers),Cincinnati,2560,26.67,23,,,,4/1/22,5/4/22
IG | partner video | 3.25.22 | mowz (providers),Nashville,4928,53.68,54,,,,4/1/22,5/4/22
IG | partner video | 3.25.22 | mowz (providers),Hartford & New Haven,5408,80.45,59,,,,4/1/22,5/4/22
IG | partner video | 3.25.22 | mowz (providers),Baton Rouge,2720,44.71,34,,,,4/1/22,5/4/22
Prospecting | new markets | 4.11.22,Detroit,17344,256.9125313,1720,,,,4/1/22,5/4/22
IG | partner video | 3.25.22 | mowz (providers),Springfield-Holyoke,0,0,,,,,4/1/22,5/4/22
Prospecting | new markets | 4.11.22,Minneapolis-St. Paul,16512,328.3032347,1574,,,,4/1/22,5/4/22
Prospecting | new markets | 4.11.22,Atlanta,22336,343.2733822,1595,,,,4/1/22,5/4/22
Prospecting | new markets | 4.11.22,Boston (Manchester),20992,371.8436637,1571,,,,4/1/22,5/4/22
Prospecting | new markets | 4.11.22,"Washington, DC (Hagrstwn)",27776,507.3449988,2254,,,,4/1/22,5/4/22
Prospecting | new markets | 4.11.22,New York,40064,707.106967,3168,,,,4/1/22,5/4/22
Prospecting | Syracuse | 4.28.22,Unknown,0,0,,,,,4/1/22,5/4/22
Prospecting | Syracuse | 4.28.22,Syracuse,14650,427.43,1448,,,,4/1/22,5/4/22
IG | partner video | 3.25.22 | mowz (providers),Providence-New Bedford,480,2.65,5,,,,4/1/22,5/4/22
IG | partner video | 3.25.22 | mowz (providers),"Lafayette, LA",2400,40.62,24,,,,4/1/22,5/4/22
IG | partner video | 3.25.22 | mowz (providers),Unknown,320,2.2,3,,,,4/1/22,5/4/22
IG | partner video | 3.25.22 | mowz (providers),New Orleans,4320,62.76,39,,,,4/1/22,5/4/22
IG | partner video | 3.25.22 | mowz (providers),Houston,17856,312.97,267,,,,4/1/22,5/4/22
IG | partner video | 3.25.22 | mowz (providers),Minneapolis-St. Paul,4128,63.5,54,,,,4/1/22,5/4/22
IG | partner video | 3.25.22 | mowz (providers),Detroit,7232,116.28,102,,,,4/1/22,5/4/22
IG | partner video | 3.25.22 | mowz (providers),Milwaukee,4832,75.99,70,,,,4/1/22,5/4/22
IG | partner video | 3.25.22 | mowz (providers),"Washington, DC (Hagrstwn)",15936,234.8,180,,,,4/1/22,5/4/22
Video Retargeting | Southern US | 4.4.22,St. Louis,1536,6.250028775,,,,,4/1/22,5/4/22
Video Retargeting | Southern US | 4.4.22,Los Angeles,1600,5.950027394,2,,,,4/1/22,5/4/22
Video Retargeting | Southern US | 4.4.22,Dallas-Ft. Worth,2400,13.44006188,1,,,,4/1/22,5/4/22
Video Retargeting | Southern US | 4.4.22,Idaho Fals-Pocatllo(Jcksn),224,0.660003039,,,,,4/1/22,5/4/22
Video Retargeting | Southern US | 4.4.22,Fairbanks,32,0.200000921,,,,,4/1/22,5/4/22
Video Retargeting | Southern US | 4.4.22,Salisbury,352,0.750003453,,,,,4/1/22,5/4/22
Video Retargeting | Southern US | 4.4.22,Eugene,544,1.000004604,,,,,4/1/22,5/4/22
Video Retargeting | Southern US | 4.4.22,Rapid City,128,0.250001151,,,,,4/1/22,5/4/22
Video Retargeting | Southern US | 4.4.22,Wichita-Hutchinson Plus,768,1.720007919,,,,,4/1/22,5/4/22
Video Retargeting | Southern US | 4.4.22,Shreveport,480,0.96000442,,,,,4/1/22,5/4/22
Video Retargeting | Southern US | 4.4.22,Santabarbra-Sanmar-Sanluob,317,0.440002026,,,,,4/1/22,5/4/22
Video Retargeting | Southern US | 4.4.22,Paducah-Cape Girard-Harsbg,832,1.840008471,3,,,,4/1/22,5/4/22
Video Retargeting | Southern US | 4.4.22,Bluefield-Beckley-Oak Hill,192,0.420001934,,,,,4/1/22,5/4/22
Video Retargeting | Southern US | 4.4.22,Lake Charles,64,0.270001243,,,,,4/1/22,5/4/22
Video Retargeting | Southern US | 4.4.22,Harlingen-Wslco-Brnsvl-Mca,672,0.950004374,,,,,4/1/22,5/4/22
Video Retargeting | Southern US | 4.4.22,Terre Haute,256,0.710003269,,,,,4/1/22,5/4/22
Video Retargeting | Southern US | 4.4.22,Yuma-El Centro,123,0.190000875,,,,,4/1/22,5/4/22
Video Retargeting | Southern US | 4.4.22,Tallahassee-Thomasville,392,0.670003085,1,,,,4/1/22,5/4/22
Video Retargeting | Southern US | 4.4.22,"Jackson, MS",320,0.760003499,1,,,,4/1/22,5/4/22
Video Retargeting | Southern US | 4.4.22,"Jackson, TN",192,0.400001842,,,,,4/1/22,5/4/22
Video Retargeting | Southern US | 4.4.22,Ottumwa-Kirksville,96,0.200000921,,,,,4/1/22,5/4/22
Video Retargeting | Southern US | 4.4.22,Hattiesburg-Laurel,160,0.290001335,,,,,4/1/22,5/4/22
Video Retargeting | Southern US | 4.4.22,"Alexandria, LA",129,0.160000737,,,,,4/1/22,5/4/22
Video Retargeting | Southern US | 4.4.22,Davenport-R.Island-Moline,640,1.050004834,,,,,4/1/22,5/4/22
Video Retargeting | Southern US | 4.4.22,Omaha,736,1.420006538,,,,,4/1/22,5/4/22
Video Retargeting | Southern US | 4.4.22,Zanesville,64,0.090000414,,,,,4/1/22,5/4/22
Video Retargeting | Southern US | 4.4.22,Quincy-Hannibal-Keokuk,32,0.450002072,,,,,4/1/22,5/4/22
Video Retargeting | Southern US | 4.4.22,Marquette,135,0.190000875,,,,,4/1/22,5/4/22
Video Retargeting | Southern US | 4.4.22,Topeka,288,0.830003821,1,,,,4/1/22,5/4/22
Video Retargeting | Southern US | 4.4.22,"Lafayette, LA",224,0.520002394,,,,,4/1/22,5/4/22
Video Retargeting | Southern US | 4.4.22,Chattanooga,672,1.750008057,,,,,4/1/22,5/4/22
Video Retargeting | Southern US | 4.4.22,Medford-Klamath Falls,352,0.660003039,,,,,4/1/22,5/4/22
Video Retargeting | Southern US | 4.4.22,Evansville,640,1.320006077,,,,,4/1/22,5/4/22
Video Retargeting | Southern US | 4.4.22,Helena,0,0.110000506,,,,,4/1/22,5/4/22
Video Retargeting | Southern US | 4.4.22,Jonesboro,128,0.400001842,,,,,4/1/22,5/4/22
Video Retargeting | Southern US | 4.4.22,Lincoln & Hastings-Krny,448,1.040004788,1,,,,4/1/22,5/4/22
Video Retargeting | Southern US | 4.4.22,Chico-Redding,352,0.750003453,1,,,,4/1/22,5/4/22
Video Retargeting | Southern US | 4.4.22,New Orleans,576,1.130005203,,,,,4/1/22,5/4/22
Video Retargeting | Southern US | 4.4.22,Charlottesville,64,0.190000875,,,,,4/1/22,5/4/22
Video Retargeting | Southern US | 4.4.22,Abilene-Sweetwater,96,0.330001519,,,,,4/1/22,5/4/22
Video Retargeting | Southern US | 4.4.22,"Albany, GA",192,0.330001519,,,,,4/1/22,5/4/22
Video Retargeting | Southern US | 4.4.22,Parkersburg,236,0.410001888,,,,,4/1/22,5/4/22
Video Retargeting | Southern US | 4.4.22,Bakersfield,205,0.250001151,,,,,4/1/22,5/4/22
Video Retargeting | Southern US | 4.4.22,St. Joseph,128,0.200000921,,,,,4/1/22,5/4/22
Video Retargeting | Southern US | 4.4.22,Presque Isle,0,0.040000184,,,,,4/1/22,5/4/22
Video Retargeting | Southern US | 4.4.22,Amarillo,96,0.350001611,,,,,4/1/22,5/4/22
Video Retargeting | Southern US | 4.4.22,Baton Rouge,224,0.620002855,,,,,4/1/22,5/4/22
Video Retargeting | Southern US | 4.4.22,Grand Junction-Montrose,204,0.320001473,,,,,4/1/22,5/4/22
Video Retargeting | Southern US | 4.4.22,Victoria,56,0.120000552,,,,,4/1/22,5/4/22
Video Retargeting | Southern US | 4.4.22,Greenwood-Greenville,32,0.080000368,,,,,4/1/22,5/4/22
Video Retargeting | Southern US | 4.4.22,Butte-Bozeman,192,0.200000921,,,,,4/1/22,5/4/22
Video Retargeting | Southern US | 4.4.22,Eureka,0,0.110000506,,,,,4/1/22,5/4/22
Video Retargeting | Southern US | 4.4.22,Juneau,0,0.040000184,,,,,4/1/22,5/4/22
Video Retargeting | Southern US | 4.4.22,"Lafayette, IN",128,0.230001059,,,,,4/1/22,5/4/22
Video Retargeting | Southern US | 4.4.22,Odessa-Midland,32,0.280001289,,,,,4/1/22,5/4/22
Video Retargeting | Southern US | 4.4.22,Joplin-Pittsburg,544,0.870004006,,,,,4/1/22,5/4/22
Video Retargeting | Southern US | 4.4.22,Great Falls,32,0.200000921,,,,,4/1/22,5/4/22
Video Retargeting | Southern US | 4.4.22,Charleston-Huntington,896,2.040009392,1,,,,4/1/22,5/4/22
Video Retargeting | Southern US | 4.4.22,Fresno-Visalia,576,1.420006538,,,,,4/1/22,5/4/22
Video Retargeting | Southern US | 4.4.22,Springfield-Holyoke,256,0.660003039,1,,,,4/1/22,5/4/22
Video Retargeting | Southern US | 4.4.22,Wheeling-Steubenville,160,0.340001565,1,,,,4/1/22,5/4/22
Video Retargeting | Southern US | 4.4.22,Columbia-Jefferson City,448,0.770003545,,,,,4/1/22,5/4/22
Video Retargeting | Southern US | 4.4.22,Champaign&Sprngfld-Decatur,544,1.320006077,1,,,,4/1/22,5/4/22
Video Retargeting | Southern US | 4.4.22,Twin Falls,64,0.470002164,1,,,,4/1/22,5/4/22
Video Retargeting | Southern US | 4.4.22,Clarksburg-Weston,160,0.350001611,,,,,4/1/22,5/4/22
Video Retargeting | Southern US | 4.4.22,Harrisonburg,192,0.570002624,,,,,4/1/22,5/4/22
Video Retargeting | Southern US | 4.4.22,Biloxi-Gulfport,160,0.400001842,1,,,,4/1/22,5/4/22
Video Retargeting | Southern US | 4.4.22,"Bend, OR",96,0.420001934,1,,,,4/1/22,5/4/22
Video Retargeting | Southern US | 4.4.22,Panama City,305,0.750003453,,,,,4/1/22,5/4/22
Video Retargeting | Southern US | 4.4.22,Beaumont-Port Arthur,160,0.510002348,,,,,4/1/22,5/4/22
Video Retargeting | Southern US | 4.4.22,Dothan,224,0.410001888,,,,,4/1/22,5/4/22
Video Retargeting | Southern US | 4.4.22,Lima,167,0.210000967,1,,,,4/1/22,5/4/22
Video Retargeting | Southern US | 4.4.22,San Angelo,64,0.090000414,,,,,4/1/22,5/4/22
Video Retargeting | Southern US | 4.4.22,Harrisburg-Lncstr-Leb-York,1216,3.610016621,2,,,,4/1/22,5/4/22
Video Retargeting | Southern US | 4.4.22,Green Bay-Appleton,896,5.970027486,,,,,4/1/22,5/4/22
Video Retargeting | Southern US | 4.4.22,San Francisco-Oak-San Jose,1632,7.070032551,1,,,,4/1/22,5/4/22
Video Retargeting | Southern US | 4.4.22,Philadelphia,1856,12.58005792,1,,,,4/1/22,5/4/22
Video Retargeting | Southern US | 4.4.22,"Washington, DC (Hagrstwn)",1952,9.530043877,2,,,,4/1/22,5/4/22
Video Retargeting | Southern US | 4.4.22,Kansas City,1888,7.330033748,1,,,,4/1/22,5/4/22
Video Retargeting | Southern US | 4.4.22,Myrtle Beach-Florence,160,1.690007781,1,,,,4/1/22,5/4/22
Video Retargeting | Southern US | 4.4.22,Ft. Myers-Naples,448,2.98001372,1,,,,4/1/22,5/4/22
Video Retargeting | Southern US | 4.4.22,Providence-New Bedford,768,10.85004995,2,,,,4/1/22,5/4/22
Video Retargeting | Southern US | 4.4.22,"Charleston, SC",416,3.050014042,,,,,4/1/22,5/4/22
Video Retargeting | Southern US | 4.4.22,Fargo-Valley City,128,11.45005272,1,,,,4/1/22,5/4/22
Video Retargeting | Southern US | 4.4.22,Casper-Riverton,99,0.170000783,,,,,4/1/22,5/4/22
Video Retargeting | Southern US | 4.4.22,La Crosse-Eau Claire,704,4.620021271,,,,,4/1/22,5/4/22
Video Retargeting | Southern US | 4.4.22,Wilkes Barre-Scranton-Hztn,832,3.190014687,2,,,,4/1/22,5/4/22
Video Retargeting | Southern US | 4.4.22,Toledo,608,2.010009254,1,,,,4/1/22,5/4/22
Video Retargeting | Southern US | 4.4.22,Sherman-Ada,256,0.840003867,,,,,4/1/22,5/4/22
Video Retargeting | Southern US | 4.4.22,Detroit,1728,62.1402861,9,,,,4/1/22,5/4/22
Video Retargeting | Southern US | 4.4.22,Jacksonville,576,28.09012933,5,,,,4/1/22,5/4/22
Video Retargeting | Southern US | 4.4.22,Austin,640,5.850026934,1,,,,4/1/22,5/4/22
Video Retargeting | Southern US | 4.4.22,Baltimore,768,4.85002233,,,,,4/1/22,5/4/22
Video Retargeting | Southern US | 4.4.22,Nashville,1952,12.78005884,2,,,,4/1/22,5/4/22
Video Retargeting | Southern US | 4.4.22,Ft. Wayne,384,1.510006952,,,,,4/1/22,5/4/22
Video Retargeting | Southern US | 4.4.22,Charlotte,1696,21.83010051,3,,,,4/1/22,5/4/22
Video Retargeting | Southern US | 4.4.22,Burlington-Plattsburgh,544,4.0400186,,,,,4/1/22,5/4/22
Video Retargeting | Southern US | 4.4.22,North Platte,0,0.05000023,,,,,4/1/22,5/4/22
Video Retargeting | Southern US | 4.4.22,Tampa-St. Pete (Sarasota),1344,19.62009033,3,,,,4/1/22,5/4/22
Video Retargeting | Southern US | 4.4.22,Erie,256,14.89006855,1,,,,4/1/22,5/4/22
Video Retargeting | Southern US | 4.4.22,Cincinnati,1184,10.15004673,1,,,,4/1/22,5/4/22
Video Retargeting | Southern US | 4.4.22,Unknown,416,12.93005953,,,,,4/1/22,5/4/22
Video Retargeting | Southern US | 4.4.22,Las Vegas,288,4.390020212,,,,,4/1/22,5/4/22
Video Retargeting | Southern US | 4.4.22,Milwaukee,928,63.60029282,13,,,,4/1/22,5/4/22
Video Retargeting | Southern US | 4.4.22,Boston (Manchester),3456,147.1806776,16,,,,4/1/22,5/4/22
Video Retargeting | Southern US | 4.4.22,Albany-Schenectady-Troy,896,24.59011321,3,,,,4/1/22,5/4/22
Video Retargeting | Southern US | 4.4.22,Raleigh-Durham (Fayetvlle),1760,38.88017901,5,,,,4/1/22,5/4/22
Video Retargeting | Southern US | 4.4.22,Houston,1408,8.8400407,1,,,,4/1/22,5/4/22
Video Retargeting | Southern US | 4.4.22,Johnstown-Altoona-St Colge,384,1.410006492,,,,,4/1/22,5/4/22
Video Retargeting | Southern US | 4.4.22,Reno,320,0.780003591,,,,,4/1/22,5/4/22
Video Retargeting | Southern US | 4.4.22,"Springfield, MO",1152,2.690012385,,,,,4/1/22,5/4/22
Video Retargeting | Southern US | 4.4.22,Yakima-Pasco-Rchlnd-Knnwck,608,1.720007919,,,,,4/1/22,5/4/22
Video Retargeting | Southern US | 4.4.22,Lubbock,280,0.700003223,,,,,4/1/22,5/4/22
Video Retargeting | Southern US | 4.4.22,Memphis,576,1.460006722,,,,,4/1/22,5/4/22
Video Retargeting | Southern US | 4.4.22,Flint-Saginaw-Bay City,832,1.460006722,,,,,4/1/22,5/4/22
Video Retargeting | Southern US | 4.4.22,Des Moines-Ames,832,2.010009254,,,,,4/1/22,5/4/22
Video Retargeting | Southern US | 4.4.22,Knoxville,1248,2.770012753,,,,,4/1/22,5/4/22
Video Retargeting | Southern US | 4.4.22,Gainesville,140,0.290001335,,,,,4/1/22,5/4/22
Video Retargeting | Southern US | 4.4.22,Honolulu,928,2.850013122,1,,,,4/1/22,5/4/22
Video Retargeting | Southern US | 4.4.22,Waco-Temple-Bryan,608,1.180005433,,,,,4/1/22,5/4/22
Video Retargeting | Southern US | 4.4.22,Tyler-Longview(Lfkn&Ncgd),448,0.930004282,,,,,4/1/22,5/4/22
Video Retargeting | Southern US | 4.4.22,Watertown,224,0.740003407,1,,,,4/1/22,5/4/22
Video Retargeting | Southern US | 4.4.22,Monroe-El Dorado,320,0.650002993,,,,,4/1/22,5/4/22
Video Retargeting | Southern US | 4.4.22,Albuquerque-Santa Fe,736,1.59000732,,,,,4/1/22,5/4/22
Video Retargeting | Southern US | 4.4.22,Sioux Falls(Mitchell),256,0.720003315,1,,,,4/1/22,5/4/22
Video Retargeting | Southern US | 4.4.22,Macon,320,0.900004144,,,,,4/1/22,5/4/22
Video Retargeting | Southern US | 4.4.22,Savannah,480,2.360010866,,,,,4/1/22,5/4/22
Video Retargeting | Southern US | 4.4.22,Richmond-Petersburg,1120,1.960009024,1,,,,4/1/22,5/4/22
Video Retargeting | Southern US | 4.4.22,Lansing,352,1.130005203,,,,,4/1/22,5/4/22
Video Retargeting | Southern US | 4.4.22,Tulsa,960,3.130014411,,,,,4/1/22,5/4/22
Video Retargeting | Southern US | 4.4.22,Cedar Rapids-Wtrlo-Iwc&Dub,992,1.730007965,,,,,4/1/22,5/4/22
Video Retargeting | Southern US | 4.4.22,Mobile-Pensacola (Ft Walt),768,2.320010681,,,,,4/1/22,5/4/22
Video Retargeting | Southern US | 4.4.22,Sioux City,384,0.790003637,,,,,4/1/22,5/4/22
Video Retargeting | Southern US | 4.4.22,Rochester-Mason City-Austin,400,0.790003637,2,,,,4/1/22,5/4/22
Video Retargeting | Southern US | 4.4.22,Monterey-Salinas,288,0.900004144,,,,,4/1/22,5/4/22
Video Retargeting | Southern US | 4.4.22,"Portland, OR",2144,4.440020442,,,,,4/1/22,5/4/22
Video Retargeting | Southern US | 4.4.22,Greenville-N.Bern-Washngtn,544,2.220010221,,,,,4/1/22,5/4/22
Video Retargeting | Southern US | 4.4.22,Anchorage,448,0.750003453,,,,,4/1/22,5/4/22
Video Retargeting | Southern US | 4.4.22,El Paso (Las Cruces),288,1.3900064,,,,,4/1/22,5/4/22
Video Retargeting | Southern US | 4.4.22,Missoula,160,3.660016851,,,,,4/1/22,5/4/22
Video Retargeting | Southern US | 4.4.22,Dayton,480,2.380010958,,,,,4/1/22,5/4/22
Video Retargeting | Southern US | 4.4.22,Boise,896,2.040009392,3,,,,4/1/22,5/4/22
Video Retargeting | Southern US | 4.4.22,Little Rock-Pine Bluff,736,2.760012707,,,,,4/1/22,5/4/22
Prospecting | new markets | 4.11.22,Youngstown,103,0.75000739,7,,,,4/1/22,5/4/22