campaign_name,impressions,clicks,spend,date_start,date_stop,dma,,,,,
Prospecting | new markets | 4.11.22,1757,56,17.01,5/3/22,5/3/22,Atlanta,,,,,
Prospecting | new markets | 4.11.22,968,36,9.31,5/3/22,5/3/22,Baltimore,,,,,
Prospecting | new markets | 4.11.22,308,8,2.49,5/3/22,5/3/22,Baton Rouge,,,,,
Prospecting | new markets | 4.11.22,1458,39,14.11,5/3/22,5/3/22,Boston (Manchester),,,,,
Prospecting | new markets | 4.11.22,727,38,6.5,5/3/22,5/3/22,Buffalo,,,,,
Prospecting | new markets | 4.11.22,267,6,2.49,5/3/22,5/3/22,"Charleston, SC",,,,,
Prospecting | new markets | 4.11.22,4040,140,40.93,5/3/22,5/3/22,Chicago,,,,,
Prospecting | new markets | 4.11.22,908,27,8.59,5/3/22,5/3/22,Cincinnati,,,,,
Prospecting | new markets | 4.11.22,1193,41,11.42,5/3/22,5/3/22,Cleveland-Akron (Canton),,,,,
Prospecting | new markets | 4.11.22,1328,42,11.95,5/3/22,5/3/22,"Columbus, OH",,,,,
Prospecting | new markets | 4.11.22,1180,39,12.46,5/3/22,5/3/22,Dallas-Ft. Worth,,,,,
Prospecting | new markets | 4.11.22,239,11,2.07,5/3/22,5/3/22,Des Moines-Ames,,,,,
Prospecting | new markets | 4.11.22,1926,72,18.49,5/3/22,5/3/22,Detroit,,,,,
Prospecting | new markets | 4.11.22,415,13,3.88,5/3/22,5/3/22,Grand Rapids-Kalmzoo-B.Crk,,,,,
Prospecting | new markets | 4.11.22,342,14,3.44,5/3/22,5/3/22,Greensboro-H.Point-W.Salem,,,,,
Prospecting | new markets | 4.11.22,12,1,0.11,5/3/22,5/3/22,Hartford & New Haven,,,,,
Prospecting | new markets | 4.11.22,1500,45,14.69,5/3/22,5/3/22,Houston,,,,,
Prospecting | new markets | 4.11.22,1470,39,11.81,5/3/22,5/3/22,Indianapolis,,,,,
Prospecting | new markets | 4.11.22,635,13,6,5/3/22,5/3/22,Jacksonville,,,,,
Prospecting | new markets | 4.11.22,827,24,7.8,5/3/22,5/3/22,Kansas City,,,,,
Prospecting | new markets | 4.11.22,18,1,0.14,5/3/22,5/3/22,Lansing,,,,,
Prospecting | new markets | 4.11.22,848,20,7.77,5/3/22,5/3/22,Louisville,,,,,
Prospecting | new markets | 4.11.22,541,26,4.75,5/3/22,5/3/22,Madison,,,,,
Prospecting | new markets | 4.11.22,703,16,8,5/3/22,5/3/22,Miami-Ft. Lauderdale,,,,,
Prospecting | new markets | 4.11.22,1001,36,9.94,5/3/22,5/3/22,Milwaukee,,,,,
Prospecting | new markets | 4.11.22,1052,33,11.34,5/3/22,5/3/22,Minneapolis-St. Paul,,,,,
Prospecting | new markets | 4.11.22,607,13,5.29,5/3/22,5/3/22,New Orleans,,,,,
Prospecting | new markets | 4.11.22,3579,115,38.51,5/3/22,5/3/22,New York,,,,,
Prospecting | new markets | 4.11.22,544,12,4.91,5/3/22,5/3/22,Omaha,,,,,
Prospecting | new markets | 4.11.22,627,19,6.53,5/3/22,5/3/22,Orlando-Daytona Bch-Melbrn,,,,,
Prospecting | new markets | 4.11.22,671,17,7.31,5/3/22,5/3/22,"Portland, OR",,,,,
Prospecting | new markets | 4.11.22,52,7,0.63,5/3/22,5/3/22,Providence-New Bedford,,,,,
Prospecting | new markets | 4.11.22,420,13,4.25,5/3/22,5/3/22,Raleigh-Durham (Fayetvlle),,,,,
Prospecting | new markets | 4.11.22,423,18,3.92,5/3/22,5/3/22,Richmond-Petersburg,,,,,
Prospecting | new markets | 4.11.22,372,10,3.04,5/3/22,5/3/22,"Rochester, NY",,,,,
Prospecting | new markets | 4.11.22,708,22,6.86,5/3/22,5/3/22,San Antonio,,,,,
Prospecting | new markets | 4.11.22,307,11,3.15,5/3/22,5/3/22,Spokane,,,,,
Prospecting | new markets | 4.11.22,24,1,0.19,5/3/22,5/3/22,Springfield-Holyoke,,,,,
Prospecting | new markets | 4.11.22,738,28,7.16,5/3/22,5/3/22,St. Louis,,,,,
Prospecting | new markets | 4.11.22,675,25,7.12,5/3/22,5/3/22,Tampa-St. Pete (Sarasota),,,,,
Prospecting | new markets | 4.11.22,25,1,0.19,5/3/22,5/3/22,Toledo,,,,,
Prospecting | new markets | 4.11.22,255,7,2.98,5/3/22,5/3/22,Unknown,,,,,
Prospecting | new markets | 4.11.22,2250,74,21.2,5/3/22,5/3/22,"Washington, DC (Hagrstwn)",,,,,
Prospecting | new markets | 4.11.22,281,10,2.63,5/3/22,5/3/22,Wilkes Barre-Scranton-Hztn,,,,,
Prospecting | new markets | 4.11.22,10,0,0.11,5/3/22,5/3/22,Youngstown,,,,,
Prospecting | new markets | 4.11.22,31,1,0.57,4/11/22,4/11/22,Atlanta,,,,,
Prospecting | new markets | 4.11.22,36,1,0.46,4/11/22,4/11/22,Boston (Manchester),,,,,
Prospecting | new markets | 4.11.22,50,0,0.55,4/11/22,4/11/22,Buffalo,,,,,
Prospecting | new markets | 4.11.22,276,7,3.24,4/11/22,4/11/22,Chicago,,,,,
Prospecting | new markets | 4.11.22,10,0,0.14,4/11/22,4/11/22,Cincinnati,,,,,
Prospecting | new markets | 4.11.22,59,0,0.75,4/11/22,4/11/22,Cleveland-Akron (Canton),,,,,
Prospecting | new markets | 4.11.22,19,2,0.25,4/11/22,4/11/22,Dallas-Ft. Worth,,,,,
Prospecting | new markets | 4.11.22,7,0,0.09,4/11/22,4/11/22,Des Moines-Ames,,,,,
Prospecting | new markets | 4.11.22,2,1,0.04,4/11/22,4/11/22,Erie,,,,,
Prospecting | new markets | 4.11.22,25,1,0.26,4/11/22,4/11/22,Indianapolis,,,,,
Prospecting | new markets | 4.11.22,8,0,0.1,4/11/22,4/11/22,Louisville,,,,,
Prospecting | new markets | 4.11.22,6,1,0.07,4/11/22,4/11/22,Miami-Ft. Lauderdale,,,,,
Prospecting | new markets | 4.11.22,101,1,1.15,4/11/22,4/11/22,Milwaukee,,,,,
Prospecting | new markets | 4.11.22,189,6,1.88,4/11/22,4/11/22,Minneapolis-St. Paul,,,,,
Prospecting | new markets | 4.11.22,2,0,0.01,4/11/22,4/11/22,New Orleans,,,,,
Prospecting | new markets | 4.11.22,26,0,0.59,4/11/22,4/11/22,New York,,,,,
Prospecting | new markets | 4.11.22,2,0,0.03,4/11/22,4/11/22,Providence-New Bedford,,,,,
Prospecting | new markets | 4.11.22,4,0,0.06,4/11/22,4/11/22,Raleigh-Durham (Fayetvlle),,,,,
Prospecting | new markets | 4.11.22,6,0,0.09,4/11/22,4/11/22,Richmond-Petersburg,,,,,
Prospecting | new markets | 4.11.22,42,0,0.51,4/11/22,4/11/22,"Rochester, NY",,,,,
Prospecting | new markets | 4.11.22,2,0,0.02,4/11/22,4/11/22,San Antonio,,,,,
Prospecting | new markets | 4.11.22,9,0,0.07,4/11/22,4/11/22,Unknown,,,,,
Prospecting | new markets | 4.11.22,20,2,0.33,4/11/22,4/11/22,"Washington, DC (Hagrstwn)",,,,,
Prospecting | new markets | 4.11.22,378,3,3.21,4/12/22,4/12/22,Atlanta,,,,,
Prospecting | new markets | 4.11.22,1434,30,10.46,4/12/22,4/12/22,Boston (Manchester),,,,,
Prospecting | new markets | 4.11.22,1045,19,7.2,4/12/22,4/12/22,Buffalo,,,,,
Prospecting | new markets | 4.11.22,4095,57,29.39,4/12/22,4/12/22,Chicago,,,,,
Prospecting | new markets | 4.11.22,345,9,2.68,4/12/22,4/12/22,Cincinnati,,,,,
Prospecting | new markets | 4.11.22,1348,19,9.09,4/12/22,4/12/22,Cleveland-Akron (Canton),,,,,
Prospecting | new markets | 4.11.22,215,3,1.71,4/12/22,4/12/22,Dallas-Ft. Worth,,,,,
Prospecting | new markets | 4.11.22,236,2,1.46,4/12/22,4/12/22,Des Moines-Ames,,,,,
Prospecting | new markets | 4.11.22,39,0,0.42,4/12/22,4/12/22,Erie,,,,,
Prospecting | new markets | 4.11.22,4,0,0.05,4/12/22,4/12/22,Hartford & New Haven,,,,,
Prospecting | new markets | 4.11.22,497,5,3.17,4/12/22,4/12/22,Indianapolis,,,,,
Prospecting | new markets | 4.11.22,140,4,1.02,4/12/22,4/12/22,Louisville,,,,,
Prospecting | new markets | 4.11.22,107,1,1.32,4/12/22,4/12/22,Miami-Ft. Lauderdale,,,,,
Prospecting | new markets | 4.11.22,1446,13,9.05,4/12/22,4/12/22,Milwaukee,,,,,
Prospecting | new markets | 4.11.22,2560,21,16.01,4/12/22,4/12/22,Minneapolis-St. Paul,,,,,
Prospecting | new markets | 4.11.22,52,1,0.37,4/12/22,4/12/22,New Orleans,,,,,
Prospecting | new markets | 4.11.22,538,12,5.08,4/12/22,4/12/22,New York,,,,,
Prospecting | new markets | 4.11.22,53,1,0.44,4/12/22,4/12/22,Providence-New Bedford,,,,,
Prospecting | new markets | 4.11.22,81,0,0.46,4/12/22,4/12/22,Raleigh-Durham (Fayetvlle),,,,,
Prospecting | new markets | 4.11.22,360,5,1.88,4/12/22,4/12/22,Richmond-Petersburg,,,,,
Prospecting | new markets | 4.11.22,827,10,4.61,4/12/22,4/12/22,"Rochester, NY",,,,,
Prospecting | new markets | 4.11.22,17,0,0.12,4/12/22,4/12/22,San Antonio,,,,,
Prospecting | new markets | 4.11.22,13,0,0.07,4/12/22,4/12/22,Springfield-Holyoke,,,,,
Prospecting | new markets | 4.11.22,39,2,0.25,4/12/22,4/12/22,Unknown,,,,,
Prospecting | new markets | 4.11.22,408,8,3.51,4/12/22,4/12/22,"Washington, DC (Hagrstwn)",,,,,
Prospecting | new markets | 4.11.22,1,0,0,4/12/22,4/12/22,Youngstown,,,,,
Prospecting | new markets | 4.11.22,448,10,3.94,4/13/22,4/13/22,Atlanta,,,,,
Prospecting | new markets | 4.11.22,1352,26,9.93,4/13/22,4/13/22,Boston (Manchester),,,,,
Prospecting | new markets | 4.11.22,1068,10,6.25,4/13/22,4/13/22,Buffalo,,,,,
Prospecting | new markets | 4.11.22,3814,70,28.6,4/13/22,4/13/22,Chicago,,,,,
Prospecting | new markets | 4.11.22,396,5,2.59,4/13/22,4/13/22,Cincinnati,,,,,
Prospecting | new markets | 4.11.22,1466,23,9.28,4/13/22,4/13/22,Cleveland-Akron (Canton),,,,,
Prospecting | new markets | 4.11.22,236,1,1.7,4/13/22,4/13/22,Dallas-Ft. Worth,,,,,
Prospecting | new markets | 4.11.22,152,2,0.95,4/13/22,4/13/22,Des Moines-Ames,,,,,
Prospecting | new markets | 4.11.22,51,0,0.28,4/13/22,4/13/22,Erie,,,,,
Prospecting | new markets | 4.11.22,5,0,0.02,4/13/22,4/13/22,Hartford & New Haven,,,,,
Prospecting | new markets | 4.11.22,555,9,3.72,4/13/22,4/13/22,Indianapolis,,,,,
Prospecting | new markets | 4.11.22,187,0,1.11,4/13/22,4/13/22,Louisville,,,,,
Prospecting | new markets | 4.11.22,116,1,1.25,4/13/22,4/13/22,Miami-Ft. Lauderdale,,,,,
Prospecting | new markets | 4.11.22,1358,20,8.41,4/13/22,4/13/22,Milwaukee,,,,,
Prospecting | new markets | 4.11.22,2066,27,12.67,4/13/22,4/13/22,Minneapolis-St. Paul,,,,,
Prospecting | new markets | 4.11.22,63,0,0.55,4/13/22,4/13/22,New Orleans,,,,,
Prospecting | new markets | 4.11.22,630,13,5.49,4/13/22,4/13/22,New York,,,,,
Prospecting | new markets | 4.11.22,49,0,0.31,4/13/22,4/13/22,Providence-New Bedford,,,,,
Prospecting | new markets | 4.11.22,88,2,0.6,4/13/22,4/13/22,Raleigh-Durham (Fayetvlle),,,,,
Prospecting | new markets | 4.11.22,379,16,2.47,4/13/22,4/13/22,Richmond-Petersburg,,,,,
Prospecting | new markets | 4.11.22,854,15,5.48,4/13/22,4/13/22,"Rochester, NY",,,,,
Prospecting | new markets | 4.11.22,41,3,0.49,4/13/22,4/13/22,San Antonio,,,,,
Prospecting | new markets | 4.11.22,10,0,0.08,4/13/22,4/13/22,Springfield-Holyoke,,,,,
Prospecting | new markets | 4.11.22,33,0,0.46,4/13/22,4/13/22,Unknown,,,,,
Prospecting | new markets | 4.11.22,553,15,5.39,4/13/22,4/13/22,"Washington, DC (Hagrstwn)",,,,,
Prospecting | new markets | 4.11.22,7,0,0.05,4/13/22,4/13/22,Youngstown,,,,,
Prospecting | new markets | 4.11.22,254,9,2.99,4/14/22,4/14/22,Atlanta,,,,,
Prospecting | new markets | 4.11.22,1075,27,11.2,4/14/22,4/14/22,Boston (Manchester),,,,,
Prospecting | new markets | 4.11.22,375,6,2.54,4/14/22,4/14/22,Buffalo,,,,,
Prospecting | new markets | 4.11.22,2816,76,26.18,4/14/22,4/14/22,Chicago,,,,,
Prospecting | new markets | 4.11.22,243,6,3.14,4/14/22,4/14/22,Cincinnati,,,,,
Prospecting | new markets | 4.11.22,499,23,4.44,4/14/22,4/14/22,Cleveland-Akron (Canton),,,,,
Prospecting | new markets | 4.11.22,230,8,2.7,4/14/22,4/14/22,Dallas-Ft. Worth,,,,,
Prospecting | new markets | 4.11.22,102,1,1.29,4/14/22,4/14/22,Des Moines-Ames,,,,,
Prospecting | new markets | 4.11.22,23,0,0.21,4/14/22,4/14/22,Erie,,,,,
Prospecting | new markets | 4.11.22,6,1,0.04,4/14/22,4/14/22,Hartford & New Haven,,,,,
Prospecting | new markets | 4.11.22,481,8,4.57,4/14/22,4/14/22,Indianapolis,,,,,
Prospecting | new markets | 4.11.22,206,4,1.63,4/14/22,4/14/22,Louisville,,,,,
Prospecting | new markets | 4.11.22,188,9,2.77,4/14/22,4/14/22,Miami-Ft. Lauderdale,,,,,
Prospecting | new markets | 4.11.22,441,15,3.92,4/14/22,4/14/22,Milwaukee,,,,,
Prospecting | new markets | 4.11.22,630,24,6.77,4/14/22,4/14/22,Minneapolis-St. Paul,,,,,
Prospecting | new markets | 4.11.22,113,3,1.22,4/14/22,4/14/22,New Orleans,,,,,
Prospecting | new markets | 4.11.22,1009,38,12.27,4/14/22,4/14/22,New York,,,,,
Prospecting | new markets | 4.11.22,42,1,0.3,4/14/22,4/14/22,Providence-New Bedford,,,,,
Prospecting | new markets | 4.11.22,51,0,0.56,4/14/22,4/14/22,Raleigh-Durham (Fayetvlle),,,,,
Prospecting | new markets | 4.11.22,158,5,1.48,4/14/22,4/14/22,Richmond-Petersburg,,,,,
Prospecting | new markets | 4.11.22,236,3,1.73,4/14/22,4/14/22,"Rochester, NY",,,,,
Prospecting | new markets | 4.11.22,82,0,0.83,4/14/22,4/14/22,San Antonio,,,,,
Prospecting | new markets | 4.11.22,7,0,0.05,4/14/22,4/14/22,Springfield-Holyoke,,,,,
Prospecting | new markets | 4.11.22,26,1,0.42,4/14/22,4/14/22,Unknown,,,,,
Prospecting | new markets | 4.11.22,676,10,7.62,4/14/22,4/14/22,"Washington, DC (Hagrstwn)",,,,,
Prospecting | new markets | 4.11.22,4,0,0.01,4/14/22,4/14/22,Youngstown,,,,,
Prospecting | new markets | 4.11.22,494,11,5.55,4/15/22,4/15/22,Atlanta,,,,,
Prospecting | new markets | 4.11.22,840,16,10.25,4/15/22,4/15/22,Boston (Manchester),,,,,
Prospecting | new markets | 4.11.22,397,8,2.95,4/15/22,4/15/22,Buffalo,,,,,
Prospecting | new markets | 4.11.22,2859,57,26.98,4/15/22,4/15/22,Chicago,,,,,
Prospecting | new markets | 4.11.22,235,8,2.44,4/15/22,4/15/22,Cincinnati,,,,,
Prospecting | new markets | 4.11.22,303,5,3.13,4/15/22,4/15/22,Cleveland-Akron (Canton),,,,,
Prospecting | new markets | 4.11.22,212,8,2.51,4/15/22,4/15/22,Dallas-Ft. Worth,,,,,
Prospecting | new markets | 4.11.22,41,0,0.37,4/15/22,4/15/22,Des Moines-Ames,,,,,
Prospecting | new markets | 4.11.22,31,0,0.31,4/15/22,4/15/22,Erie,,,,,
Prospecting | new markets | 4.11.22,8,0,0.06,4/15/22,4/15/22,Hartford & New Haven,,,,,
Prospecting | new markets | 4.11.22,363,8,3.31,4/15/22,4/15/22,Indianapolis,,,,,
Prospecting | new markets | 4.11.22,196,1,1.56,4/15/22,4/15/22,Louisville,,,,,
Prospecting | new markets | 4.11.22,238,5,3.77,4/15/22,4/15/22,Miami-Ft. Lauderdale,,,,,
Prospecting | new markets | 4.11.22,443,11,4.26,4/15/22,4/15/22,Milwaukee,,,,,
Prospecting | new markets | 4.11.22,569,6,5.8,4/15/22,4/15/22,Minneapolis-St. Paul,,,,,
Prospecting | new markets | 4.11.22,96,2,1.06,4/15/22,4/15/22,New Orleans,,,,,
Prospecting | new markets | 4.11.22,802,20,10.47,4/15/22,4/15/22,New York,,,,,
Prospecting | new markets | 4.11.22,19,0,0.21,4/15/22,4/15/22,Providence-New Bedford,,,,,
Prospecting | new markets | 4.11.22,60,2,0.65,4/15/22,4/15/22,Raleigh-Durham (Fayetvlle),,,,,
Prospecting | new markets | 4.11.22,222,1,1.84,4/15/22,4/15/22,Richmond-Petersburg,,,,,
Prospecting | new markets | 4.11.22,300,6,2.54,4/15/22,4/15/22,"Rochester, NY",,,,,
Prospecting | new markets | 4.11.22,81,3,1.13,4/15/22,4/15/22,San Antonio,,,,,
Prospecting | new markets | 4.11.22,6,0,0.06,4/15/22,4/15/22,Springfield-Holyoke,,,,,
Prospecting | new markets | 4.11.22,26,0,0.21,4/15/22,4/15/22,Unknown,,,,,
Prospecting | new markets | 4.11.22,700,11,7.66,4/15/22,4/15/22,"Washington, DC (Hagrstwn)",,,,,
Prospecting | new markets | 4.11.22,2,1,0.02,4/15/22,4/15/22,Youngstown,,,,,
Prospecting | new markets | 4.11.22,304,9,3.86,4/16/22,4/16/22,Atlanta,,,,,
Prospecting | new markets | 4.11.22,631,19,7.99,4/16/22,4/16/22,Boston (Manchester),,,,,
Prospecting | new markets | 4.11.22,312,5,2.58,4/16/22,4/16/22,Buffalo,,,,,
Prospecting | new markets | 4.11.22,2534,51,28.63,4/16/22,4/16/22,Chicago,,,,,
Prospecting | new markets | 4.11.22,150,1,1.94,4/16/22,4/16/22,Cincinnati,,,,,
Prospecting | new markets | 4.11.22,355,11,3.68,4/16/22,4/16/22,Cleveland-Akron (Canton),,,,,
Prospecting | new markets | 4.11.22,220,10,3.66,4/16/22,4/16/22,Dallas-Ft. Worth,,,,,
Prospecting | new markets | 4.11.22,33,2,0.56,4/16/22,4/16/22,Des Moines-Ames,,,,,
Prospecting | new markets | 4.11.22,42,4,0.38,4/16/22,4/16/22,Erie,,,,,
Prospecting | new markets | 4.11.22,7,0,0.03,4/16/22,4/16/22,Hartford & New Haven,,,,,
Prospecting | new markets | 4.11.22,257,6,2.41,4/16/22,4/16/22,Indianapolis,,,,,
Prospecting | new markets | 4.11.22,86,0,0.64,4/16/22,4/16/22,Louisville,,,,,
Prospecting | new markets | 4.11.22,130,3,2.21,4/16/22,4/16/22,Miami-Ft. Lauderdale,,,,,
Prospecting | new markets | 4.11.22,325,3,4.06,4/16/22,4/16/22,Milwaukee,,,,,
Prospecting | new markets | 4.11.22,311,7,3.8,4/16/22,4/16/22,Minneapolis-St. Paul,,,,,
Prospecting | new markets | 4.11.22,44,3,1.01,4/16/22,4/16/22,New Orleans,,,,,
Prospecting | new markets | 4.11.22,1303,40,20,4/16/22,4/16/22,New York,,,,,
Prospecting | new markets | 4.11.22,11,0,0.11,4/16/22,4/16/22,Providence-New Bedford,,,,,
Prospecting | new markets | 4.11.22,28,1,0.66,4/16/22,4/16/22,Raleigh-Durham (Fayetvlle),,,,,
Prospecting | new markets | 4.11.22,154,6,1.92,4/16/22,4/16/22,Richmond-Petersburg,,,,,
Prospecting | new markets | 4.11.22,221,2,1.91,4/16/22,4/16/22,"Rochester, NY",,,,,
Prospecting | new markets | 4.11.22,57,1,0.72,4/16/22,4/16/22,San Antonio,,,,,
Prospecting | new markets | 4.11.22,3,0,0.04,4/16/22,4/16/22,Springfield-Holyoke,,,,,
Prospecting | new markets | 4.11.22,28,2,0.39,4/16/22,4/16/22,Unknown,,,,,
Prospecting | new markets | 4.11.22,771,21,10.1,4/16/22,4/16/22,"Washington, DC (Hagrstwn)",,,,,
Prospecting | new markets | 4.11.22,1,0,0,4/16/22,4/16/22,Youngstown,,,,,
Prospecting | new markets | 4.11.22,150,4,2.45,4/17/22,4/17/22,Atlanta,,,,,
Prospecting | new markets | 4.11.22,257,2,3.6,4/17/22,4/17/22,Boston (Manchester),,,,,
Prospecting | new markets | 4.11.22,107,4,1.04,4/17/22,4/17/22,Buffalo,,,,,
Prospecting | new markets | 4.11.22,946,18,12.01,4/17/22,4/17/22,Chicago,,,,,
Prospecting | new markets | 4.11.22,72,1,0.75,4/17/22,4/17/22,Cincinnati,,,,,
Prospecting | new markets | 4.11.22,132,2,1.22,4/17/22,4/17/22,Cleveland-Akron (Canton),,,,,
Prospecting | new markets | 4.11.22,80,0,1.49,4/17/22,4/17/22,Dallas-Ft. Worth,,,,,
Prospecting | new markets | 4.11.22,14,0,0.33,4/17/22,4/17/22,Des Moines-Ames,,,,,
Prospecting | new markets | 4.11.22,16,1,0.21,4/17/22,4/17/22,Erie,,,,,
Prospecting | new markets | 4.11.22,3,0,0.04,4/17/22,4/17/22,Hartford & New Haven,,,,,
Prospecting | new markets | 4.11.22,109,0,1.24,4/17/22,4/17/22,Indianapolis,,,,,
Prospecting | new markets | 4.11.22,26,0,0.3,4/17/22,4/17/22,Louisville,,,,,
Prospecting | new markets | 4.11.22,65,2,1.29,4/17/22,4/17/22,Miami-Ft. Lauderdale,,,,,
Prospecting | new markets | 4.11.22,141,3,1.52,4/17/22,4/17/22,Milwaukee,,,,,
Prospecting | new markets | 4.11.22,149,4,2.89,4/17/22,4/17/22,Minneapolis-St. Paul,,,,,
Prospecting | new markets | 4.11.22,19,0,0.28,4/17/22,4/17/22,New Orleans,,,,,
Prospecting | new markets | 4.11.22,513,10,10.41,4/17/22,4/17/22,New York,,,,,
Prospecting | new markets | 4.11.22,3,0,0.05,4/17/22,4/17/22,Providence-New Bedford,,,,,
Prospecting | new markets | 4.11.22,17,0,0.28,4/17/22,4/17/22,Raleigh-Durham (Fayetvlle),,,,,
Prospecting | new markets | 4.11.22,62,0,0.56,4/17/22,4/17/22,Richmond-Petersburg,,,,,
Prospecting | new markets | 4.11.22,84,3,1.04,4/17/22,4/17/22,"Rochester, NY",,,,,
Prospecting | new markets | 4.11.22,14,0,0.31,4/17/22,4/17/22,San Antonio,,,,,
Prospecting | new markets | 4.11.22,2,0,0.04,4/17/22,4/17/22,Springfield-Holyoke,,,,,
Prospecting | new markets | 4.11.22,10,0,0.12,4/17/22,4/17/22,Unknown,,,,,
Prospecting | new markets | 4.11.22,339,3,4.74,4/17/22,4/17/22,"Washington, DC (Hagrstwn)",,,,,
Prospecting | new markets | 4.11.22,365,5,9.19,4/18/22,4/18/22,Atlanta,,,,,
Prospecting | new markets | 4.11.22,506,10,10.2,4/18/22,4/18/22,Boston (Manchester),,,,,
Prospecting | new markets | 4.11.22,161,2,2.59,4/18/22,4/18/22,Buffalo,,,,,
Prospecting | new markets | 4.11.22,1873,25,32.7,4/18/22,4/18/22,Chicago,,,,,
Prospecting | new markets | 4.11.22,124,2,2.1,4/18/22,4/18/22,Cincinnati,,,,,
Prospecting | new markets | 4.11.22,208,1,3.77,4/18/22,4/18/22,Cleveland-Akron (Canton),,,,,
Prospecting | new markets | 4.11.22,193,2,4.1,4/18/22,4/18/22,Dallas-Ft. Worth,,,,,
Prospecting | new markets | 4.11.22,25,0,0.76,4/18/22,4/18/22,Des Moines-Ames,,,,,
Prospecting | new markets | 4.11.22,20,0,1.19,4/18/22,4/18/22,Erie,,,,,
Prospecting | new markets | 4.11.22,8,0,0.14,4/18/22,4/18/22,Hartford & New Haven,,,,,
Prospecting | new markets | 4.11.22,243,2,4.71,4/18/22,4/18/22,Indianapolis,,,,,
Prospecting | new markets | 4.11.22,69,0,1.03,4/18/22,4/18/22,Louisville,,,,,
Prospecting | new markets | 4.11.22,201,1,4.15,4/18/22,4/18/22,Miami-Ft. Lauderdale,,,,,
Prospecting | new markets | 4.11.22,227,2,4.28,4/18/22,4/18/22,Milwaukee,,,,,
Prospecting | new markets | 4.11.22,340,6,6.64,4/18/22,4/18/22,Minneapolis-St. Paul,,,,,
Prospecting | new markets | 4.11.22,48,0,0.97,4/18/22,4/18/22,New Orleans,,,,,
Prospecting | new markets | 4.11.22,809,21,19.61,4/18/22,4/18/22,New York,,,,,
Prospecting | new markets | 4.11.22,13,0,0.26,4/18/22,4/18/22,Providence-New Bedford,,,,,
Prospecting | new markets | 4.11.22,73,1,1.7,4/18/22,4/18/22,Raleigh-Durham (Fayetvlle),,,,,
Prospecting | new markets | 4.11.22,146,3,2.81,4/18/22,4/18/22,Richmond-Petersburg,,,,,
Prospecting | new markets | 4.11.22,131,4,1.78,4/18/22,4/18/22,"Rochester, NY",,,,,
Prospecting | new markets | 4.11.22,39,0,0.82,4/18/22,4/18/22,San Antonio,,,,,
Prospecting | new markets | 4.11.22,18,1,0.41,4/18/22,4/18/22,Unknown,,,,,
Prospecting | new markets | 4.11.22,857,13,17.07,4/18/22,4/18/22,"Washington, DC (Hagrstwn)",,,,,
Prospecting | new markets | 4.11.22,315,6,5.64,4/19/22,4/19/22,Atlanta,,,,,
Prospecting | new markets | 4.11.22,550,15,9.83,4/19/22,4/19/22,Boston (Manchester),,,,,
Prospecting | new markets | 4.11.22,190,2,2.24,4/19/22,4/19/22,Buffalo,,,,,
Prospecting | new markets | 4.11.22,1806,34,28.84,4/19/22,4/19/22,Chicago,,,,,
Prospecting | new markets | 4.11.22,143,1,2.67,4/19/22,4/19/22,Cincinnati,,,,,
Prospecting | new markets | 4.11.22,225,3,4.19,4/19/22,4/19/22,Cleveland-Akron (Canton),,,,,
Prospecting | new markets | 4.11.22,191,11,4.04,4/19/22,4/19/22,Dallas-Ft. Worth,,,,,
Prospecting | new markets | 4.11.22,41,1,0.72,4/19/22,4/19/22,Des Moines-Ames,,,,,
Prospecting | new markets | 4.11.22,27,1,0.33,4/19/22,4/19/22,Erie,,,,,
Prospecting | new markets | 4.11.22,254,2,3.15,4/19/22,4/19/22,Indianapolis,,,,,
Prospecting | new markets | 4.11.22,91,2,1.01,4/19/22,4/19/22,Louisville,,,,,
Prospecting | new markets | 4.11.22,115,4,3.18,4/19/22,4/19/22,Miami-Ft. Lauderdale,,,,,
Prospecting | new markets | 4.11.22,304,8,4.16,4/19/22,4/19/22,Milwaukee,,,,,
Prospecting | new markets | 4.11.22,394,14,10.13,4/19/22,4/19/22,Minneapolis-St. Paul,,,,,
Prospecting | new markets | 4.11.22,53,0,1.17,4/19/22,4/19/22,New Orleans,,,,,
Prospecting | new markets | 4.11.22,786,30,19.43,4/19/22,4/19/22,New York,,,,,
Prospecting | new markets | 4.11.22,5,0,0.06,4/19/22,4/19/22,Providence-New Bedford,,,,,
Prospecting | new markets | 4.11.22,48,0,0.72,4/19/22,4/19/22,Raleigh-Durham (Fayetvlle),,,,,
Prospecting | new markets | 4.11.22,165,4,2.43,4/19/22,4/19/22,Richmond-Petersburg,,,,,
Prospecting | new markets | 4.11.22,119,3,1.2,4/19/22,4/19/22,"Rochester, NY",,,,,
Prospecting | new markets | 4.11.22,69,4,1.81,4/19/22,4/19/22,San Antonio,,,,,
Prospecting | new markets | 4.11.22,3,0,0.05,4/19/22,4/19/22,Springfield-Holyoke,,,,,
Prospecting | new markets | 4.11.22,29,0,0.7,4/19/22,4/19/22,Unknown,,,,,
Prospecting | new markets | 4.11.22,738,14,13.01,4/19/22,4/19/22,"Washington, DC (Hagrstwn)",,,,,
Prospecting | new markets | 4.11.22,281,6,5.16,4/20/22,4/20/22,Atlanta,,,,,
Prospecting | new markets | 4.11.22,545,6,9.51,4/20/22,4/20/22,Boston (Manchester),,,,,
Prospecting | new markets | 4.11.22,186,3,1.68,4/20/22,4/20/22,Buffalo,,,,,
Prospecting | new markets | 4.11.22,1774,31,27.29,4/20/22,4/20/22,Chicago,,,,,
Prospecting | new markets | 4.11.22,146,4,2.5,4/20/22,4/20/22,Cincinnati,,,,,
Prospecting | new markets | 4.11.22,219,7,3.84,4/20/22,4/20/22,Cleveland-Akron (Canton),,,,,
Prospecting | new markets | 4.11.22,233,8,4.78,4/20/22,4/20/22,Dallas-Ft. Worth,,,,,
Prospecting | new markets | 4.11.22,46,0,0.59,4/20/22,4/20/22,Des Moines-Ames,,,,,
Prospecting | new markets | 4.11.22,29,1,0.35,4/20/22,4/20/22,Erie,,,,,
Prospecting | new markets | 4.11.22,5,0,0.04,4/20/22,4/20/22,Hartford & New Haven,,,,,
Prospecting | new markets | 4.11.22,309,6,3.71,4/20/22,4/20/22,Indianapolis,,,,,
Prospecting | new markets | 4.11.22,118,3,1.33,4/20/22,4/20/22,Louisville,,,,,
Prospecting | new markets | 4.11.22,111,3,3.18,4/20/22,4/20/22,Miami-Ft. Lauderdale,,,,,
Prospecting | new markets | 4.11.22,261,2,2.6,4/20/22,4/20/22,Milwaukee,,,,,
Prospecting | new markets | 4.11.22,422,9,7.73,4/20/22,4/20/22,Minneapolis-St. Paul,,,,,
Prospecting | new markets | 4.11.22,53,2,1.04,4/20/22,4/20/22,New Orleans,,,,,
Prospecting | new markets | 4.11.22,828,29,18.11,4/20/22,4/20/22,New York,,,,,
Prospecting | new markets | 4.11.22,23,0,0.21,4/20/22,4/20/22,Providence-New Bedford,,,,,
Prospecting | new markets | 4.11.22,44,1,0.98,4/20/22,4/20/22,Raleigh-Durham (Fayetvlle),,,,,
Prospecting | new markets | 4.11.22,146,3,2.01,4/20/22,4/20/22,Richmond-Petersburg,,,,,
Prospecting | new markets | 4.11.22,134,3,1.25,4/20/22,4/20/22,"Rochester, NY",,,,,
Prospecting | new markets | 4.11.22,68,1,1.8,4/20/22,4/20/22,San Antonio,,,,,
Prospecting | new markets | 4.11.22,2,0,0,4/20/22,4/20/22,Springfield-Holyoke,,,,,
Prospecting | new markets | 4.11.22,28,2,0.83,4/20/22,4/20/22,Unknown,,,,,
Prospecting | new markets | 4.11.22,828,10,14.78,4/20/22,4/20/22,"Washington, DC (Hagrstwn)",,,,,
Prospecting | new markets | 4.11.22,666,20,8.821226,4/21/22,4/21/22,Atlanta,,,,,
Prospecting | new markets | 4.11.22,876,24,11.631617,4/21/22,4/21/22,Boston (Manchester),,,,,
Prospecting | new markets | 4.11.22,283,6,2.73038,4/21/22,4/21/22,Buffalo,,,,,
Prospecting | new markets | 4.11.22,2173,48,25.883598,4/21/22,4/21/22,Chicago,,,,,
Prospecting | new markets | 4.11.22,255,8,3.660509,4/21/22,4/21/22,Cincinnati,,,,,
Prospecting | new markets | 4.11.22,359,15,3.760523,4/21/22,4/21/22,Cleveland-Akron (Canton),,,,,
Prospecting | new markets | 4.11.22,427,10,6.280873,4/21/22,4/21/22,Dallas-Ft. Worth,,,,,
Prospecting | new markets | 4.11.22,69,2,0.920128,4/21/22,4/21/22,Des Moines-Ames,,,,,
Prospecting | new markets | 4.11.22,55,3,0.510071,4/21/22,4/21/22,Erie,,,,,
Prospecting | new markets | 4.11.22,8,2,0.080011,4/21/22,4/21/22,Hartford & New Haven,,,,,
Prospecting | new markets | 4.11.22,454,15,5.560773,4/21/22,4/21/22,Indianapolis,,,,,
Prospecting | new markets | 4.11.22,256,5,2.870399,4/21/22,4/21/22,Louisville,,,,,
Prospecting | new markets | 4.11.22,253,11,3.990555,4/21/22,4/21/22,Miami-Ft. Lauderdale,,,,,
Prospecting | new markets | 4.11.22,333,8,4.130574,4/21/22,4/21/22,Milwaukee,,,,,
Prospecting | new markets | 4.11.22,617,25,8.641201,4/21/22,4/21/22,Minneapolis-St. Paul,,,,,
Prospecting | new markets | 4.11.22,151,3,1.670232,4/21/22,4/21/22,New Orleans,,,,,
Prospecting | new markets | 4.11.22,1804,52,24.993474,4/21/22,4/21/22,New York,,,,,
Prospecting | new markets | 4.11.22,29,2,0.390054,4/21/22,4/21/22,Providence-New Bedford,,,,,
Prospecting | new markets | 4.11.22,104,2,1.180164,4/21/22,4/21/22,Raleigh-Durham (Fayetvlle),,,,,
Prospecting | new markets | 4.11.22,191,3,2.010279,4/21/22,4/21/22,Richmond-Petersburg,,,,,
Prospecting | new markets | 4.11.22,179,6,1.900264,4/21/22,4/21/22,"Rochester, NY",,,,,
Prospecting | new markets | 4.11.22,149,5,1.950271,4/21/22,4/21/22,San Antonio,,,,,
Prospecting | new markets | 4.11.22,4,0,0.060008,4/21/22,4/21/22,Springfield-Holyoke,,,,,
Prospecting | new markets | 4.11.22,38,0,0.450063,4/21/22,4/21/22,Unknown,,,,,
Prospecting | new markets | 4.11.22,1689,38,19.78275,4/21/22,4/21/22,"Washington, DC (Hagrstwn)",,,,,
Prospecting | new markets | 4.11.22,4,0,0.030004,4/21/22,4/21/22,Youngstown,,,,,
Prospecting | new markets | 4.11.22,563,12,9.2,4/22/22,4/22/22,Atlanta,,,,,
Prospecting | new markets | 4.11.22,710,19,11.63,4/22/22,4/22/22,Boston (Manchester),,,,,
Prospecting | new markets | 4.11.22,193,7,2.4,4/22/22,4/22/22,Buffalo,,,,,
Prospecting | new markets | 4.11.22,2167,47,29.72,4/22/22,4/22/22,Chicago,,,,,
Prospecting | new markets | 4.11.22,193,6,4.3,4/22/22,4/22/22,Cincinnati,,,,,
Prospecting | new markets | 4.11.22,203,6,3.12,4/22/22,4/22/22,Cleveland-Akron (Canton),,,,,
Prospecting | new markets | 4.11.22,302,8,5.77,4/22/22,4/22/22,Dallas-Ft. Worth,,,,,
Prospecting | new markets | 4.11.22,59,2,1.21,4/22/22,4/22/22,Des Moines-Ames,,,,,
Prospecting | new markets | 4.11.22,27,2,0.32,4/22/22,4/22/22,Erie,,,,,
Prospecting | new markets | 4.11.22,5,0,0.13,4/22/22,4/22/22,Hartford & New Haven,,,,,
Prospecting | new markets | 4.11.22,341,7,4.67,4/22/22,4/22/22,Indianapolis,,,,,
Prospecting | new markets | 4.11.22,144,1,2,4/22/22,4/22/22,Louisville,,,,,
Prospecting | new markets | 4.11.22,237,8,6.33,4/22/22,4/22/22,Miami-Ft. Lauderdale,,,,,
Prospecting | new markets | 4.11.22,301,4,4.13,4/22/22,4/22/22,Milwaukee,,,,,
Prospecting | new markets | 4.11.22,697,14,13.05,4/22/22,4/22/22,Minneapolis-St. Paul,,,,,
Prospecting | new markets | 4.11.22,103,2,1.31,4/22/22,4/22/22,New Orleans,,,,,
Prospecting | new markets | 4.11.22,1463,36,26.84,4/22/22,4/22/22,New York,,,,,
Prospecting | new markets | 4.11.22,17,0,0.2,4/22/22,4/22/22,Providence-New Bedford,,,,,
Prospecting | new markets | 4.11.22,112,1,2.46,4/22/22,4/22/22,Raleigh-Durham (Fayetvlle),,,,,
Prospecting | new markets | 4.11.22,170,2,1.83,4/22/22,4/22/22,Richmond-Petersburg,,,,,
Prospecting | new markets | 4.11.22,110,3,1.35,4/22/22,4/22/22,"Rochester, NY",,,,,
Prospecting | new markets | 4.11.22,113,5,2.29,4/22/22,4/22/22,San Antonio,,,,,
Prospecting | new markets | 4.11.22,1,0,0.01,4/22/22,4/22/22,Springfield-Holyoke,,,,,
Prospecting | new markets | 4.11.22,41,0,0.85,4/22/22,4/22/22,Unknown,,,,,
Prospecting | new markets | 4.11.22,1398,30,20.53,4/22/22,4/22/22,"Washington, DC (Hagrstwn)",,,,,
Prospecting | new markets | 4.11.22,1,0,0,4/22/22,4/22/22,Youngstown,,,,,
Prospecting | new markets | 4.11.22,865,41,11.33,4/23/22,4/23/22,Atlanta,,,,,
Prospecting | new markets | 4.11.22,1110,57,13.43,4/23/22,4/23/22,Boston (Manchester),,,,,
Prospecting | new markets | 4.11.22,436,21,4.48,4/23/22,4/23/22,Buffalo,,,,,
Prospecting | new markets | 4.11.22,2876,117,36.12,4/23/22,4/23/22,Chicago,,,,,
Prospecting | new markets | 4.11.22,354,17,4.82,4/23/22,4/23/22,Cincinnati,,,,,
Prospecting | new markets | 4.11.22,578,25,7.37,4/23/22,4/23/22,Cleveland-Akron (Canton),,,,,
Prospecting | new markets | 4.11.22,526,16,7.33,4/23/22,4/23/22,Dallas-Ft. Worth,,,,,
Prospecting | new markets | 4.11.22,132,8,1.78,4/23/22,4/23/22,Des Moines-Ames,,,,,
Prospecting | new markets | 4.11.22,85,4,1.23,4/23/22,4/23/22,Erie,,,,,
Prospecting | new markets | 4.11.22,15,1,0.14,4/23/22,4/23/22,Hartford & New Haven,,,,,
Prospecting | new markets | 4.11.22,740,29,8.67,4/23/22,4/23/22,Indianapolis,,,,,
Prospecting | new markets | 4.11.22,358,15,3.92,4/23/22,4/23/22,Louisville,,,,,
Prospecting | new markets | 4.11.22,302,12,4.8,4/23/22,4/23/22,Miami-Ft. Lauderdale,,,,,
Prospecting | new markets | 4.11.22,704,42,8.68,4/23/22,4/23/22,Milwaukee,,,,,
Prospecting | new markets | 4.11.22,652,35,8.99,4/23/22,4/23/22,Minneapolis-St. Paul,,,,,
Prospecting | new markets | 4.11.22,291,19,3.99,4/23/22,4/23/22,New Orleans,,,,,
Prospecting | new markets | 4.11.22,1048,50,13.56,4/23/22,4/23/22,New York,,,,,
Prospecting | new markets | 4.11.22,37,1,0.35,4/23/22,4/23/22,Providence-New Bedford,,,,,
Prospecting | new markets | 4.11.22,208,13,2.77,4/23/22,4/23/22,Raleigh-Durham (Fayetvlle),,,,,
Prospecting | new markets | 4.11.22,171,3,2.22,4/23/22,4/23/22,Richmond-Petersburg,,,,,
Prospecting | new markets | 4.11.22,276,12,2.97,4/23/22,4/23/22,"Rochester, NY",,,,,
Prospecting | new markets | 4.11.22,370,18,4.71,4/23/22,4/23/22,San Antonio,,,,,
Prospecting | new markets | 4.11.22,7,0,0.07,4/23/22,4/23/22,Springfield-Holyoke,,,,,
Prospecting | new markets | 4.11.22,49,1,0.6,4/23/22,4/23/22,Unknown,,,,,
Prospecting | new markets | 4.11.22,1112,51,13.61,4/23/22,4/23/22,"Washington, DC (Hagrstwn)",,,,,
Prospecting | new markets | 4.11.22,4,0,0.03,4/23/22,4/23/22,Youngstown,,,,,
Prospecting | new markets | 4.11.22,869,38,9.4,4/24/22,4/24/22,Atlanta,,,,,
Prospecting | new markets | 4.11.22,1288,65,13.33,4/24/22,4/24/22,Boston (Manchester),,,,,
Prospecting | new markets | 4.11.22,691,29,6.95,4/24/22,4/24/22,Buffalo,,,,,
Prospecting | new markets | 4.11.22,3327,145,36.32,4/24/22,4/24/22,Chicago,,,,,
Prospecting | new markets | 4.11.22,458,30,5.27,4/24/22,4/24/22,Cincinnati,,,,,
Prospecting | new markets | 4.11.22,815,42,8.97,4/24/22,4/24/22,Cleveland-Akron (Canton),,,,,
Prospecting | new markets | 4.11.22,522,25,6.69,4/24/22,4/24/22,Dallas-Ft. Worth,,,,,
Prospecting | new markets | 4.11.22,196,8,1.92,4/24/22,4/24/22,Des Moines-Ames,,,,,
Prospecting | new markets | 4.11.22,122,3,1.29,4/24/22,4/24/22,Erie,,,,,
Prospecting | new markets | 4.11.22,21,2,0.19,4/24/22,4/24/22,Hartford & New Haven,,,,,
Prospecting | new markets | 4.11.22,925,33,9.48,4/24/22,4/24/22,Indianapolis,,,,,
Prospecting | new markets | 4.11.22,555,23,5.67,4/24/22,4/24/22,Louisville,,,,,
Prospecting | new markets | 4.11.22,236,9,2.92,4/24/22,4/24/22,Miami-Ft. Lauderdale,,,,,
Prospecting | new markets | 4.11.22,1011,68,11.13,4/24/22,4/24/22,Milwaukee,,,,,
Prospecting | new markets | 4.11.22,819,39,10.36,4/24/22,4/24/22,Minneapolis-St. Paul,,,,,
Prospecting | new markets | 4.11.22,341,16,3.81,4/24/22,4/24/22,New Orleans,,,,,
Prospecting | new markets | 4.11.22,1026,49,12.5,4/24/22,4/24/22,New York,,,,,
Prospecting | new markets | 4.11.22,46,2,0.5,4/24/22,4/24/22,Providence-New Bedford,,,,,
Prospecting | new markets | 4.11.22,215,8,2.37,4/24/22,4/24/22,Raleigh-Durham (Fayetvlle),,,,,
Prospecting | new markets | 4.11.22,217,9,2.41,4/24/22,4/24/22,Richmond-Petersburg,,,,,
Prospecting | new markets | 4.11.22,347,25,3.64,4/24/22,4/24/22,"Rochester, NY",,,,,
Prospecting | new markets | 4.11.22,337,15,3.96,4/24/22,4/24/22,San Antonio,,,,,
Prospecting | new markets | 4.11.22,19,0,0.31,4/24/22,4/24/22,Springfield-Holyoke,,,,,
Prospecting | new markets | 4.11.22,51,4,0.46,4/24/22,4/24/22,Unknown,,,,,
Prospecting | new markets | 4.11.22,1268,55,13.9,4/24/22,4/24/22,"Washington, DC (Hagrstwn)",,,,,
Prospecting | new markets | 4.11.22,938,50,10.41,4/25/22,4/25/22,Atlanta,,,,,
Prospecting | new markets | 4.11.22,110,5,1.03,4/25/22,4/25/22,Baton Rouge,,,,,
Prospecting | new markets | 4.11.22,1002,68,10.33,4/25/22,4/25/22,Boston (Manchester),,,,,
Prospecting | new markets | 4.11.22,428,28,4.23,4/25/22,4/25/22,Buffalo,,,,,
Prospecting | new markets | 4.11.22,87,2,1.06,4/25/22,4/25/22,"Charleston, SC",,,,,
Prospecting | new markets | 4.11.22,2931,178,31.31,4/25/22,4/25/22,Chicago,,,,,
Prospecting | new markets | 4.11.22,389,22,4.51,4/25/22,4/25/22,Cincinnati,,,,,
Prospecting | new markets | 4.11.22,488,32,4.99,4/25/22,4/25/22,Cleveland-Akron (Canton),,,,,
Prospecting | new markets | 4.11.22,642,41,7.91,4/25/22,4/25/22,Dallas-Ft. Worth,,,,,
Prospecting | new markets | 4.11.22,166,17,1.79,4/25/22,4/25/22,Des Moines-Ames,,,,,
Prospecting | new markets | 4.11.22,30,0,0.19,4/25/22,4/25/22,Erie,,,,,
Prospecting | new markets | 4.11.22,14,0,0.15,4/25/22,4/25/22,Hartford & New Haven,,,,,
Prospecting | new markets | 4.11.22,551,33,6.74,4/25/22,4/25/22,Houston,,,,,
Prospecting | new markets | 4.11.22,865,49,8.3,4/25/22,4/25/22,Indianapolis,,,,,
Prospecting | new markets | 4.11.22,290,24,3.05,4/25/22,4/25/22,Kansas City,,,,,
Prospecting | new markets | 4.11.22,572,27,5.51,4/25/22,4/25/22,Louisville,,,,,
Prospecting | new markets | 4.11.22,299,18,3.64,4/25/22,4/25/22,Miami-Ft. Lauderdale,,,,,
Prospecting | new markets | 4.11.22,734,60,8.07,4/25/22,4/25/22,Milwaukee,,,,,
Prospecting | new markets | 4.11.22,752,58,8.16,4/25/22,4/25/22,Minneapolis-St. Paul,,,,,
Prospecting | new markets | 4.11.22,380,30,4,4/25/22,4/25/22,New Orleans,,,,,
Prospecting | new markets | 4.11.22,890,71,11.46,4/25/22,4/25/22,New York,,,,,
Prospecting | new markets | 4.11.22,603,45,6.73,4/25/22,4/25/22,"Portland, OR",,,,,
Prospecting | new markets | 4.11.22,47,3,0.49,4/25/22,4/25/22,Providence-New Bedford,,,,,
Prospecting | new markets | 4.11.22,189,4,2.02,4/25/22,4/25/22,Raleigh-Durham (Fayetvlle),,,,,
Prospecting | new markets | 4.11.22,215,12,2.24,4/25/22,4/25/22,Richmond-Petersburg,,,,,
Prospecting | new markets | 4.11.22,226,18,2.39,4/25/22,4/25/22,"Rochester, NY",,,,,
Prospecting | new markets | 4.11.22,450,28,5.17,4/25/22,4/25/22,San Antonio,,,,,
Prospecting | new markets | 4.11.22,11,1,0.13,4/25/22,4/25/22,Springfield-Holyoke,,,,,
Prospecting | new markets | 4.11.22,349,23,3.77,4/25/22,4/25/22,St. Louis,,,,,
Prospecting | new markets | 4.11.22,26,4,0.37,4/25/22,4/25/22,Unknown,,,,,
Prospecting | new markets | 4.11.22,1141,61,13.13,4/25/22,4/25/22,"Washington, DC (Hagrstwn)",,,,,
Prospecting | new markets | 4.11.22,1829,117,17.52,4/26/22,4/26/22,Atlanta,,,,,
Prospecting | new markets | 4.11.22,327,23,2.92,4/26/22,4/26/22,Baton Rouge,,,,,
Prospecting | new markets | 4.11.22,1851,121,17.21,4/26/22,4/26/22,Boston (Manchester),,,,,
Prospecting | new markets | 4.11.22,783,57,6.42,4/26/22,4/26/22,Buffalo,,,,,
Prospecting | new markets | 4.11.22,229,12,2.35,4/26/22,4/26/22,"Charleston, SC",,,,,
Prospecting | new markets | 4.11.22,5055,348,48.65,4/26/22,4/26/22,Chicago,,,,,
Prospecting | new markets | 4.11.22,775,65,7.16,4/26/22,4/26/22,Cincinnati,,,,,
Prospecting | new markets | 4.11.22,747,70,6.58,4/26/22,4/26/22,Cleveland-Akron (Canton),,,,,
Prospecting | new markets | 4.11.22,945,64,10.1,4/26/22,4/26/22,Dallas-Ft. Worth,,,,,
Prospecting | new markets | 4.11.22,281,18,2.6,4/26/22,4/26/22,Des Moines-Ames,,,,,
Prospecting | new markets | 4.11.22,28,2,0.18,4/26/22,4/26/22,Hartford & New Haven,,,,,
Prospecting | new markets | 4.11.22,1097,85,11.61,4/26/22,4/26/22,Houston,,,,,
Prospecting | new markets | 4.11.22,1528,111,13.79,4/26/22,4/26/22,Indianapolis,,,,,
Prospecting | new markets | 4.11.22,667,68,6.37,4/26/22,4/26/22,Kansas City,,,,,
Prospecting | new markets | 4.11.22,917,60,7.78,4/26/22,4/26/22,Louisville,,,,,
Prospecting | new markets | 4.11.22,516,33,6.08,4/26/22,4/26/22,Miami-Ft. Lauderdale,,,,,
Prospecting | new markets | 4.11.22,1263,111,11.72,4/26/22,4/26/22,Milwaukee,,,,,
Prospecting | new markets | 4.11.22,1301,115,12.55,4/26/22,4/26/22,Minneapolis-St. Paul,,,,,
Prospecting | new markets | 4.11.22,573,42,5.24,4/26/22,4/26/22,New Orleans,,,,,
Prospecting | new markets | 4.11.22,1827,106,20.3,4/26/22,4/26/22,New York,,,,,
Prospecting | new markets | 4.11.22,1118,96,10.44,4/26/22,4/26/22,"Portland, OR",,,,,
Prospecting | new markets | 4.11.22,57,3,0.42,4/26/22,4/26/22,Providence-New Bedford,,,,,
Prospecting | new markets | 4.11.22,346,27,3.72,4/26/22,4/26/22,Raleigh-Durham (Fayetvlle),,,,,
Prospecting | new markets | 4.11.22,519,20,5.02,4/26/22,4/26/22,Richmond-Petersburg,,,,,
Prospecting | new markets | 4.11.22,457,42,3.73,4/26/22,4/26/22,"Rochester, NY",,,,,
Prospecting | new markets | 4.11.22,621,35,5.96,4/26/22,4/26/22,San Antonio,,,,,
Prospecting | new markets | 4.11.22,13,1,0.13,4/26/22,4/26/22,Springfield-Holyoke,,,,,
Prospecting | new markets | 4.11.22,816,64,7.18,4/26/22,4/26/22,St. Louis,,,,,
Prospecting | new markets | 4.11.22,76,10,0.97,4/26/22,4/26/22,Unknown,,,,,
Prospecting | new markets | 4.11.22,2891,198,28.15,4/26/22,4/26/22,"Washington, DC (Hagrstwn)",,,,,
Prospecting | new markets | 4.11.22,745,55,6.82,4/27/22,4/27/22,Atlanta,,,,,
Prospecting | new markets | 4.11.22,74,10,0.56,4/27/22,4/27/22,Baltimore,,,,,
Prospecting | new markets | 4.11.22,132,14,1.19,4/27/22,4/27/22,Baton Rouge,,,,,
Prospecting | new markets | 4.11.22,832,75,7.55,4/27/22,4/27/22,Boston (Manchester),,,,,
Prospecting | new markets | 4.11.22,417,40,3.47,4/27/22,4/27/22,Buffalo,,,,,
Prospecting | new markets | 4.11.22,104,13,1.13,4/27/22,4/27/22,"Charleston, SC",,,,,
Prospecting | new markets | 4.11.22,1780,136,16.73,4/27/22,4/27/22,Chicago,,,,,
Prospecting | new markets | 4.11.22,388,39,3.65,4/27/22,4/27/22,Cincinnati,,,,,
Prospecting | new markets | 4.11.22,429,45,4.11,4/27/22,4/27/22,Cleveland-Akron (Canton),,,,,
Prospecting | new markets | 4.11.22,138,24,1.34,4/27/22,4/27/22,"Columbus, OH",,,,,
Prospecting | new markets | 4.11.22,435,38,4.03,4/27/22,4/27/22,Dallas-Ft. Worth,,,,,
Prospecting | new markets | 4.11.22,147,9,1.12,4/27/22,4/27/22,Des Moines-Ames,,,,,
Prospecting | new markets | 4.11.22,211,25,1.89,4/27/22,4/27/22,Detroit,,,,,
Prospecting | new markets | 4.11.22,50,7,0.49,4/27/22,4/27/22,Grand Rapids-Kalmzoo-B.Crk,,,,,
Prospecting | new markets | 4.11.22,31,5,0.3,4/27/22,4/27/22,Greensboro-H.Point-W.Salem,,,,,
Prospecting | new markets | 4.11.22,18,2,0.15,4/27/22,4/27/22,Hartford & New Haven,,,,,
Prospecting | new markets | 4.11.22,548,41,5.28,4/27/22,4/27/22,Houston,,,,,
Prospecting | new markets | 4.11.22,718,64,5.84,4/27/22,4/27/22,Indianapolis,,,,,
Prospecting | new markets | 4.11.22,48,5,0.52,4/27/22,4/27/22,Jacksonville,,,,,
Prospecting | new markets | 4.11.22,366,34,3.74,4/27/22,4/27/22,Kansas City,,,,,
Prospecting | new markets | 4.11.22,425,35,3.47,4/27/22,4/27/22,Louisville,,,,,
Prospecting | new markets | 4.11.22,70,7,0.62,4/27/22,4/27/22,Madison,,,,,
Prospecting | new markets | 4.11.22,205,12,1.88,4/27/22,4/27/22,Miami-Ft. Lauderdale,,,,,
Prospecting | new markets | 4.11.22,540,56,5.09,4/27/22,4/27/22,Milwaukee,,,,,
Prospecting | new markets | 4.11.22,577,57,5.4,4/27/22,4/27/22,Minneapolis-St. Paul,,,,,
Prospecting | new markets | 4.11.22,224,21,2.02,4/27/22,4/27/22,New Orleans,,,,,
Prospecting | new markets | 4.11.22,911,83,8.53,4/27/22,4/27/22,New York,,,,,
Prospecting | new markets | 4.11.22,103,20,0.98,4/27/22,4/27/22,Omaha,,,,,
Prospecting | new markets | 4.11.22,45,3,0.43,4/27/22,4/27/22,Orlando-Daytona Bch-Melbrn,,,,,
Prospecting | new markets | 4.11.22,569,49,5.37,4/27/22,4/27/22,"Portland, OR",,,,,
Prospecting | new markets | 4.11.22,26,4,0.23,4/27/22,4/27/22,Providence-New Bedford,,,,,
Prospecting | new markets | 4.11.22,148,12,1.4,4/27/22,4/27/22,Raleigh-Durham (Fayetvlle),,,,,
Prospecting | new markets | 4.11.22,173,9,1.5,4/27/22,4/27/22,Richmond-Petersburg,,,,,
Prospecting | new markets | 4.11.22,211,14,1.78,4/27/22,4/27/22,"Rochester, NY",,,,,
Prospecting | new markets | 4.11.22,294,20,3.06,4/27/22,4/27/22,San Antonio,,,,,
Prospecting | new markets | 4.11.22,123,17,1,4/27/22,4/27/22,Spokane,,,,,
Prospecting | new markets | 4.11.22,14,2,0.14,4/27/22,4/27/22,Springfield-Holyoke,,,,,
Prospecting | new markets | 4.11.22,389,17,3.25,4/27/22,4/27/22,St. Louis,,,,,
Prospecting | new markets | 4.11.22,40,4,0.35,4/27/22,4/27/22,Tampa-St. Pete (Sarasota),,,,,
Prospecting | new markets | 4.11.22,56,8,0.58,4/27/22,4/27/22,Unknown,,,,,
Prospecting | new markets | 4.11.22,1114,88,9.65,4/27/22,4/27/22,"Washington, DC (Hagrstwn)",,,,,
Prospecting | new markets | 4.11.22,56,5,0.48,4/27/22,4/27/22,Wilkes Barre-Scranton-Hztn,,,,,
Prospecting | new markets | 4.11.22,4323,296,35.75,4/28/22,4/28/22,Atlanta,,,,,
Prospecting | new markets | 4.11.22,3104,270,25.07,4/28/22,4/28/22,Baltimore,,,,,
Prospecting | new markets | 4.11.22,824,55,6.63,4/28/22,4/28/22,Baton Rouge,,,,,
Prospecting | new markets | 4.11.22,4006,308,32.61,4/28/22,4/28/22,Boston (Manchester),,,,,
Prospecting | new markets | 4.11.22,2128,165,16.23,4/28/22,4/28/22,Buffalo,,,,,
Prospecting | new markets | 4.11.22,533,37,4.89,4/28/22,4/28/22,"Charleston, SC",,,,,
Prospecting | new markets | 4.11.22,10212,777,86.54,4/28/22,4/28/22,Chicago,,,,,
Prospecting | new markets | 4.11.22,2113,175,17.28,4/28/22,4/28/22,Cincinnati,,,,,
Prospecting | new markets | 4.11.22,3624,322,30.68,4/28/22,4/28/22,Cleveland-Akron (Canton),,,,,
Prospecting | new markets | 4.11.22,3762,321,30.98,4/28/22,4/28/22,"Columbus, OH",,,,,
Prospecting | new markets | 4.11.22,2618,198,22.96,4/28/22,4/28/22,Dallas-Ft. Worth,,,,,
Prospecting | new markets | 4.11.22,859,72,7.55,4/28/22,4/28/22,Des Moines-Ames,,,,,
Prospecting | new markets | 4.11.22,5734,560,50.84,4/28/22,4/28/22,Detroit,,,,,
Prospecting | new markets | 4.11.22,1504,133,13.57,4/28/22,4/28/22,Grand Rapids-Kalmzoo-B.Crk,,,,,
Prospecting | new markets | 4.11.22,776,60,7.2,4/28/22,4/28/22,Greensboro-H.Point-W.Salem,,,,,
Prospecting | new markets | 4.11.22,79,6,0.57,4/28/22,4/28/22,Hartford & New Haven,,,,,
Prospecting | new markets | 4.11.22,2958,224,26.4,4/28/22,4/28/22,Houston,,,,,
Prospecting | new markets | 4.11.22,3626,274,28.4,4/28/22,4/28/22,Indianapolis,,,,,
Prospecting | new markets | 4.11.22,1215,107,10.85,4/28/22,4/28/22,Jacksonville,,,,,
Prospecting | new markets | 4.11.22,2273,214,20.31,4/28/22,4/28/22,Kansas City,,,,,
Prospecting | new markets | 4.11.22,45,4,0.4,4/28/22,4/28/22,Lansing,,,,,
Prospecting | new markets | 4.11.22,2104,166,16.29,4/28/22,4/28/22,Louisville,,,,,
Prospecting | new markets | 4.11.22,2170,209,19.65,4/28/22,4/28/22,Madison,,,,,
Prospecting | new markets | 4.11.22,1126,76,10.26,4/28/22,4/28/22,Miami-Ft. Lauderdale,,,,,
Prospecting | new markets | 4.11.22,3316,273,28.81,4/28/22,4/28/22,Milwaukee,,,,,
Prospecting | new markets | 4.11.22,3421,280,30.8,4/28/22,4/28/22,Minneapolis-St. Paul,,,,,
Prospecting | new markets | 4.11.22,1481,108,11.92,4/28/22,4/28/22,New Orleans,,,,,
Prospecting | new markets | 4.11.22,8499,668,75.41,4/28/22,4/28/22,New York,,,,,
Prospecting | new markets | 4.11.22,2167,199,18.21,4/28/22,4/28/22,Omaha,,,,,
Prospecting | new markets | 4.11.22,1136,86,10.43,4/28/22,4/28/22,Orlando-Daytona Bch-Melbrn,,,,,
Prospecting | new markets | 4.11.22,2187,168,21,4/28/22,4/28/22,"Portland, OR",,,,,
Prospecting | new markets | 4.11.22,185,11,1.51,4/28/22,4/28/22,Providence-New Bedford,,,,,
Prospecting | new markets | 4.11.22,980,74,9.35,4/28/22,4/28/22,Raleigh-Durham (Fayetvlle),,,,,
Prospecting | new markets | 4.11.22,1042,81,8.29,4/28/22,4/28/22,Richmond-Petersburg,,,,,
Prospecting | new markets | 4.11.22,1140,95,8.82,4/28/22,4/28/22,"Rochester, NY",,,,,
Prospecting | new markets | 4.11.22,1449,89,12.77,4/28/22,4/28/22,San Antonio,,,,,
Prospecting | new markets | 4.11.22,1133,104,11.32,4/28/22,4/28/22,Spokane,,,,,
Prospecting | new markets | 4.11.22,42,4,0.35,4/28/22,4/28/22,Springfield-Holyoke,,,,,
Prospecting | new markets | 4.11.22,2493,205,21.72,4/28/22,4/28/22,St. Louis,,,,,
Prospecting | new markets | 4.11.22,1395,135,13.57,4/28/22,4/28/22,Tampa-St. Pete (Sarasota),,,,,
Prospecting | new markets | 4.11.22,81,5,0.64,4/28/22,4/28/22,Toledo,,,,,
Prospecting | new markets | 4.11.22,506,38,4.7,4/28/22,4/28/22,Unknown,,,,,
Prospecting | new markets | 4.11.22,5874,427,48,4/28/22,4/28/22,"Washington, DC (Hagrstwn)",,,,,
Prospecting | new markets | 4.11.22,984,71,8.45,4/28/22,4/28/22,Wilkes Barre-Scranton-Hztn,,,,,
Prospecting | new markets | 4.11.22,4,0,0.02,4/28/22,4/28/22,Youngstown,,,,,
Prospecting | new markets | 4.11.22,5073,317,40.15,4/29/22,4/29/22,Atlanta,,,,,
Prospecting | new markets | 4.11.22,3068,221,24.68,4/29/22,4/29/22,Baltimore,,,,,
Prospecting | new markets | 4.11.22,1034,63,7.73,4/29/22,4/29/22,Baton Rouge,,,,,
Prospecting | new markets | 4.11.22,4600,288,36.86,4/29/22,4/29/22,Boston (Manchester),,,,,
Prospecting | new markets | 4.11.22,2296,145,16.45,4/29/22,4/29/22,Buffalo,,,,,
Prospecting | new markets | 4.11.22,619,31,4.82,4/29/22,4/29/22,"Charleston, SC",,,,,
Prospecting | new markets | 4.11.22,11118,754,90.65,4/29/22,4/29/22,Chicago,,,,,
Prospecting | new markets | 4.11.22,2575,185,19.91,4/29/22,4/29/22,Cincinnati,,,,,
Prospecting | new markets | 4.11.22,4147,275,33.32,4/29/22,4/29/22,Cleveland-Akron (Canton),,,,,
Prospecting | new markets | 4.11.22,4405,280,32.76,4/29/22,4/29/22,"Columbus, OH",,,,,
Prospecting | new markets | 4.11.22,2761,183,24.14,4/29/22,4/29/22,Dallas-Ft. Worth,,,,,
Prospecting | new markets | 4.11.22,1058,78,8.53,4/29/22,4/29/22,Des Moines-Ames,,,,,
Prospecting | new markets | 4.11.22,5538,419,45.5,4/29/22,4/29/22,Detroit,,,,,
Prospecting | new markets | 4.11.22,1454,124,11.98,4/29/22,4/29/22,Grand Rapids-Kalmzoo-B.Crk,,,,,
Prospecting | new markets | 4.11.22,871,72,6.85,4/29/22,4/29/22,Greensboro-H.Point-W.Salem,,,,,
Prospecting | new markets | 4.11.22,71,1,0.54,4/29/22,4/29/22,Hartford & New Haven,,,,,
Prospecting | new markets | 4.11.22,3289,216,28.8,4/29/22,4/29/22,Houston,,,,,
Prospecting | new markets | 4.11.22,4269,259,32.74,4/29/22,4/29/22,Indianapolis,,,,,
Prospecting | new markets | 4.11.22,1288,93,11.23,4/29/22,4/29/22,Jacksonville,,,,,
Prospecting | new markets | 4.11.22,2641,178,21.72,4/29/22,4/29/22,Kansas City,,,,,
Prospecting | new markets | 4.11.22,62,2,0.48,4/29/22,4/29/22,Lansing,,,,,
Prospecting | new markets | 4.11.22,2817,188,20.83,4/29/22,4/29/22,Louisville,,,,,
Prospecting | new markets | 4.11.22,2082,136,16.14,4/29/22,4/29/22,Madison,,,,,
Prospecting | new markets | 4.11.22,1193,84,10.12,4/29/22,4/29/22,Miami-Ft. Lauderdale,,,,,
Prospecting | new markets | 4.11.22,3413,231,27.82,4/29/22,4/29/22,Milwaukee,,,,,
Prospecting | new markets | 4.11.22,4408,346,37.78,4/29/22,4/29/22,Minneapolis-St. Paul,,,,,
Prospecting | new markets | 4.11.22,1785,133,14.01,4/29/22,4/29/22,New Orleans,,,,,
Prospecting | new markets | 4.11.22,8609,554,74.1,4/29/22,4/29/22,New York,,,,,
Prospecting | new markets | 4.11.22,2346,166,17.96,4/29/22,4/29/22,Omaha,,,,,
Prospecting | new markets | 4.11.22,1106,87,9.73,4/29/22,4/29/22,Orlando-Daytona Bch-Melbrn,,,,,
Prospecting | new markets | 4.11.22,2276,155,20.42,4/29/22,4/29/22,"Portland, OR",,,,,
Prospecting | new markets | 4.11.22,150,3,1.06,4/29/22,4/29/22,Providence-New Bedford,,,,,
Prospecting | new markets | 4.11.22,1062,63,9.12,4/29/22,4/29/22,Raleigh-Durham (Fayetvlle),,,,,
Prospecting | new markets | 4.11.22,1120,78,9.17,4/29/22,4/29/22,Richmond-Petersburg,,,,,
Prospecting | new markets | 4.11.22,1221,99,9.19,4/29/22,4/29/22,"Rochester, NY",,,,,
Prospecting | new markets | 4.11.22,1494,87,12.26,4/29/22,4/29/22,San Antonio,,,,,
Prospecting | new markets | 4.11.22,885,79,7.84,4/29/22,4/29/22,Spokane,,,,,
Prospecting | new markets | 4.11.22,37,1,0.33,4/29/22,4/29/22,Springfield-Holyoke,,,,,
Prospecting | new markets | 4.11.22,2851,171,23.28,4/29/22,4/29/22,St. Louis,,,,,
Prospecting | new markets | 4.11.22,1288,94,12.21,4/29/22,4/29/22,Tampa-St. Pete (Sarasota),,,,,
Prospecting | new markets | 4.11.22,96,3,0.62,4/29/22,4/29/22,Toledo,,,,,
Prospecting | new markets | 4.11.22,529,29,4.34,4/29/22,4/29/22,Unknown,,,,,
Prospecting | new markets | 4.11.22,6289,389,50.5,4/29/22,4/29/22,"Washington, DC (Hagrstwn)",,,,,
Prospecting | new markets | 4.11.22,889,63,7.01,4/29/22,4/29/22,Wilkes Barre-Scranton-Hztn,,,,,
Prospecting | new markets | 4.11.22,12,2,0.09,4/29/22,4/29/22,Youngstown,,,,,
Prospecting | new markets | 4.11.22,5454,296,42.6,4/30/22,4/30/22,Atlanta,,,,,
Prospecting | new markets | 4.11.22,3093,170,23.34,4/30/22,4/30/22,Baltimore,,,,,
Prospecting | new markets | 4.11.22,955,57,6.78,4/30/22,4/30/22,Baton Rouge,,,,,
Prospecting | new markets | 4.11.22,4596,243,36.79,4/30/22,4/30/22,Boston (Manchester),,,,,
Prospecting | new markets | 4.11.22,1950,139,14.06,4/30/22,4/30/22,Buffalo,,,,,
Prospecting | new markets | 4.11.22,646,35,4.67,4/30/22,4/30/22,"Charleston, SC",,,,,
Prospecting | new markets | 4.11.22,12157,739,95.59,4/30/22,4/30/22,Chicago,,,,,
Prospecting | new markets | 4.11.22,2379,176,17.84,4/30/22,4/30/22,Cincinnati,,,,,
Prospecting | new markets | 4.11.22,3517,235,26.38,4/30/22,4/30/22,Cleveland-Akron (Canton),,,,,
Prospecting | new markets | 4.11.22,4095,251,29.7,4/30/22,4/30/22,"Columbus, OH",,,,,
Prospecting | new markets | 4.11.22,2998,138,25.36,4/30/22,4/30/22,Dallas-Ft. Worth,,,,,
Prospecting | new markets | 4.11.22,987,51,7.1,4/30/22,4/30/22,Des Moines-Ames,,,,,
Prospecting | new markets | 4.11.22,5962,436,47.55,4/30/22,4/30/22,Detroit,,,,,
Prospecting | new markets | 4.11.22,1607,116,12.5,4/30/22,4/30/22,Grand Rapids-Kalmzoo-B.Crk,,,,,
Prospecting | new markets | 4.11.22,876,46,6.58,4/30/22,4/30/22,Greensboro-H.Point-W.Salem,,,,,
Prospecting | new markets | 4.11.22,45,4,0.37,4/30/22,4/30/22,Hartford & New Haven,,,,,
Prospecting | new markets | 4.11.22,3549,224,30.5,4/30/22,4/30/22,Houston,,,,,
Prospecting | new markets | 4.11.22,4109,250,29.22,4/30/22,4/30/22,Indianapolis,,,,,
Prospecting | new markets | 4.11.22,1399,94,11.88,4/30/22,4/30/22,Jacksonville,,,,,
Prospecting | new markets | 4.11.22,2366,157,18.8,4/30/22,4/30/22,Kansas City,,,,,
Prospecting | new markets | 4.11.22,48,3,0.33,4/30/22,4/30/22,Lansing,,,,,
Prospecting | new markets | 4.11.22,2577,167,17.6,4/30/22,4/30/22,Louisville,,,,,
Prospecting | new markets | 4.11.22,2124,139,16.02,4/30/22,4/30/22,Madison,,,,,
Prospecting | new markets | 4.11.22,1741,114,15.13,4/30/22,4/30/22,Miami-Ft. Lauderdale,,,,,
Prospecting | new markets | 4.11.22,3554,221,27.74,4/30/22,4/30/22,Milwaukee,,,,,
Prospecting | new markets | 4.11.22,4544,319,38.93,4/30/22,4/30/22,Minneapolis-St. Paul,,,,,
Prospecting | new markets | 4.11.22,1703,116,12.49,4/30/22,4/30/22,New Orleans,,,,,
Prospecting | new markets | 4.11.22,9478,598,78.46,4/30/22,4/30/22,New York,,,,,
Prospecting | new markets | 4.11.22,2179,133,16.5,4/30/22,4/30/22,Omaha,,,,,
Prospecting | new markets | 4.11.22,1363,84,11.87,4/30/22,4/30/22,Orlando-Daytona Bch-Melbrn,,,,,
Prospecting | new markets | 4.11.22,2620,176,22.93,4/30/22,4/30/22,"Portland, OR",,,,,
Prospecting | new markets | 4.11.22,169,13,1.52,4/30/22,4/30/22,Providence-New Bedford,,,,,
Prospecting | new markets | 4.11.22,1250,65,10.47,4/30/22,4/30/22,Raleigh-Durham (Fayetvlle),,,,,
Prospecting | new markets | 4.11.22,1253,78,9.37,4/30/22,4/30/22,Richmond-Petersburg,,,,,
Prospecting | new markets | 4.11.22,1146,77,8.74,4/30/22,4/30/22,"Rochester, NY",,,,,
Prospecting | new markets | 4.11.22,1499,75,12.07,4/30/22,4/30/22,San Antonio,,,,,
Prospecting | new markets | 4.11.22,1033,74,9.32,4/30/22,4/30/22,Spokane,,,,,
Prospecting | new markets | 4.11.22,38,2,0.26,4/30/22,4/30/22,Springfield-Holyoke,,,,,
Prospecting | new markets | 4.11.22,2257,149,17.61,4/30/22,4/30/22,St. Louis,,,,,
Prospecting | new markets | 4.11.22,1528,126,13.74,4/30/22,4/30/22,Tampa-St. Pete (Sarasota),,,,,
Prospecting | new markets | 4.11.22,72,3,0.44,4/30/22,4/30/22,Toledo,,,,,
Prospecting | new markets | 4.11.22,617,39,4.99,4/30/22,4/30/22,Unknown,,,,,
Prospecting | new markets | 4.11.22,7228,399,56.73,4/30/22,4/30/22,"Washington, DC (Hagrstwn)",,,,,
Prospecting | new markets | 4.11.22,833,50,6.23,4/30/22,4/30/22,Wilkes Barre-Scranton-Hztn,,,,,
Prospecting | new markets | 4.11.22,8,1,0.09,4/30/22,4/30/22,Youngstown,,,,,
Prospecting | new markets | 4.11.22,6735,361,45.9,5/1/22,5/1/22,Atlanta,,,,,
Prospecting | new markets | 4.11.22,3920,209,25.94,5/1/22,5/1/22,Baltimore,,,,,
Prospecting | new markets | 4.11.22,1179,53,7.32,5/1/22,5/1/22,Baton Rouge,,,,,
Prospecting | new markets | 4.11.22,5528,280,39.58,5/1/22,5/1/22,Boston (Manchester),,,,,
Prospecting | new markets | 4.11.22,2796,172,17.59,5/1/22,5/1/22,Buffalo,,,,,
Prospecting | new markets | 4.11.22,818,49,6.07,5/1/22,5/1/22,"Charleston, SC",,,,,
Prospecting | new markets | 4.11.22,12708,730,91.69,5/1/22,5/1/22,Chicago,,,,,
Prospecting | new markets | 4.11.22,2885,164,19.89,5/1/22,5/1/22,Cincinnati,,,,,
Prospecting | new markets | 4.11.22,5073,318,35.46,5/1/22,5/1/22,Cleveland-Akron (Canton),,,,,
Prospecting | new markets | 4.11.22,5049,306,32.82,5/1/22,5/1/22,"Columbus, OH",,,,,
Prospecting | new markets | 4.11.22,3115,171,23.79,5/1/22,5/1/22,Dallas-Ft. Worth,,,,,
Prospecting | new markets | 4.11.22,1160,82,8.15,5/1/22,5/1/22,Des Moines-Ames,,,,,
Prospecting | new markets | 4.11.22,7459,421,52.77,5/1/22,5/1/22,Detroit,,,,,
Prospecting | new markets | 4.11.22,1819,115,13.45,5/1/22,5/1/22,Grand Rapids-Kalmzoo-B.Crk,,,,,
Prospecting | new markets | 4.11.22,1069,49,7.44,5/1/22,5/1/22,Greensboro-H.Point-W.Salem,,,,,
Prospecting | new markets | 4.11.22,84,7,0.69,5/1/22,5/1/22,Hartford & New Haven,,,,,
Prospecting | new markets | 4.11.22,3888,224,29.01,5/1/22,5/1/22,Houston,,,,,
Prospecting | new markets | 4.11.22,4748,263,31.33,5/1/22,5/1/22,Indianapolis,,,,,
Prospecting | new markets | 4.11.22,1668,119,12.33,5/1/22,5/1/22,Jacksonville,,,,,
Prospecting | new markets | 4.11.22,2604,160,18.92,5/1/22,5/1/22,Kansas City,,,,,
Prospecting | new markets | 4.11.22,59,5,0.38,5/1/22,5/1/22,Lansing,,,,,
Prospecting | new markets | 4.11.22,3006,155,18.63,5/1/22,5/1/22,Louisville,,,,,
Prospecting | new markets | 4.11.22,2427,159,17.03,5/1/22,5/1/22,Madison,,,,,
Prospecting | new markets | 4.11.22,1927,106,15.4,5/1/22,5/1/22,Miami-Ft. Lauderdale,,,,,
Prospecting | new markets | 4.11.22,4022,282,29.16,5/1/22,5/1/22,Milwaukee,,,,,
Prospecting | new markets | 4.11.22,4684,314,36.34,5/1/22,5/1/22,Minneapolis-St. Paul,,,,,
Prospecting | new markets | 4.11.22,2258,131,14.72,5/1/22,5/1/22,New Orleans,,,,,
Prospecting | new markets | 4.11.22,10730,607,81.96,5/1/22,5/1/22,New York,,,,,
Prospecting | new markets | 4.11.22,2343,128,16.44,5/1/22,5/1/22,Omaha,,,,,
Prospecting | new markets | 4.11.22,1519,99,11.84,5/1/22,5/1/22,Orlando-Daytona Bch-Melbrn,,,,,
Prospecting | new markets | 4.11.22,2282,146,18.58,5/1/22,5/1/22,"Portland, OR",,,,,
Prospecting | new markets | 4.11.22,220,8,1.49,5/1/22,5/1/22,Providence-New Bedford,,,,,
Prospecting | new markets | 4.11.22,1388,81,10.41,5/1/22,5/1/22,Raleigh-Durham (Fayetvlle),,,,,
Prospecting | new markets | 4.11.22,1529,74,10.32,5/1/22,5/1/22,Richmond-Petersburg,,,,,
Prospecting | new markets | 4.11.22,1430,77,9.38,5/1/22,5/1/22,"Rochester, NY",,,,,
Prospecting | new markets | 4.11.22,1765,113,13.49,5/1/22,5/1/22,San Antonio,,,,,
Prospecting | new markets | 4.11.22,1085,70,8.29,5/1/22,5/1/22,Spokane,,,,,
Prospecting | new markets | 4.11.22,73,7,0.57,5/1/22,5/1/22,Springfield-Holyoke,,,,,
Prospecting | new markets | 4.11.22,2460,178,17.04,5/1/22,5/1/22,St. Louis,,,,,
Prospecting | new markets | 4.11.22,1787,108,14.94,5/1/22,5/1/22,Tampa-St. Pete (Sarasota),,,,,
Prospecting | new markets | 4.11.22,83,4,0.49,5/1/22,5/1/22,Toledo,,,,,
Prospecting | new markets | 4.11.22,724,42,5.35,5/1/22,5/1/22,Unknown,,,,,
Prospecting | new markets | 4.11.22,9051,487,62.7,5/1/22,5/1/22,"Washington, DC (Hagrstwn)",,,,,
Prospecting | new markets | 4.11.22,1086,56,6.82,5/1/22,5/1/22,Wilkes Barre-Scranton-Hztn,,,,,
Prospecting | new markets | 4.11.22,29,3,0.18,5/1/22,5/1/22,Youngstown,,,,,
Prospecting | new markets | 4.11.22,5894,149,45.811452,5/2/22,5/2/22,Atlanta,,,,,
Prospecting | new markets | 4.11.22,3338,96,26.090827,5/2/22,5/2/22,Baltimore,,,,,
Prospecting | new markets | 4.11.22,1078,41,7.520238,5/2/22,5/2/22,Baton Rouge,,,,,
Prospecting | new markets | 4.11.22,5305,176,43.351374,5/2/22,5/2/22,Boston (Manchester),,,,,
Prospecting | new markets | 4.11.22,2399,86,16.530524,5/2/22,5/2/22,Buffalo,,,,,
Prospecting | new markets | 4.11.22,777,23,6.290199,5/2/22,5/2/22,"Charleston, SC",,,,,
Prospecting | new markets | 4.11.22,11402,347,93.392959,5/2/22,5/2/22,Chicago,,,,,
Prospecting | new markets | 4.11.22,2393,54,18.390583,5/2/22,5/2/22,Cincinnati,,,,,
Prospecting | new markets | 4.11.22,3712,113,28.570905,5/2/22,5/2/22,Cleveland-Akron (Canton),,,,,
Prospecting | new markets | 4.11.22,3865,109,28.4009,5/2/22,5/2/22,"Columbus, OH",,,,,
Prospecting | new markets | 4.11.22,3230,106,28.820913,5/2/22,5/2/22,Dallas-Ft. Worth,,,,,
Prospecting | new markets | 4.11.22,877,26,6.850217,5/2/22,5/2/22,Des Moines-Ames,,,,,
Prospecting | new markets | 4.11.22,5375,167,39.871263,5/2/22,5/2/22,Detroit,,,,,
Prospecting | new markets | 4.11.22,1200,34,9.040286,5/2/22,5/2/22,Grand Rapids-Kalmzoo-B.Crk,,,,,
Prospecting | new markets | 4.11.22,1005,32,7.860249,5/2/22,5/2/22,Greensboro-H.Point-W.Salem,,,,,
Prospecting | new markets | 4.11.22,73,1,0.550017,5/2/22,5/2/22,Hartford & New Haven,,,,,
Prospecting | new markets | 4.11.22,3632,120,31.210989,5/2/22,5/2/22,Houston,,,,,
Prospecting | new markets | 4.11.22,3851,92,26.950854,5/2/22,5/2/22,Indianapolis,,,,,
Prospecting | new markets | 4.11.22,1523,71,12.95041,5/2/22,5/2/22,Jacksonville,,,,,
Prospecting | new markets | 4.11.22,2534,67,19.080605,5/2/22,5/2/22,Kansas City,,,,,
Prospecting | new markets | 4.11.22,45,2,0.340011,5/2/22,5/2/22,Lansing,,,,,
Prospecting | new markets | 4.11.22,2532,76,17.180544,5/2/22,5/2/22,Louisville,,,,,
Prospecting | new markets | 4.11.22,1579,56,11.660369,5/2/22,5/2/22,Madison,,,,,
Prospecting | new markets | 4.11.22,1759,65,18.110574,5/2/22,5/2/22,Miami-Ft. Lauderdale,,,,,
Prospecting | new markets | 4.11.22,3099,94,24.660781,5/2/22,5/2/22,Milwaukee,,,,,
Prospecting | new markets | 4.11.22,3621,155,31.641003,5/2/22,5/2/22,Minneapolis-St. Paul,,,,,
Prospecting | new markets | 4.11.22,1884,63,13.800437,5/2/22,5/2/22,New Orleans,,,,,
Prospecting | new markets | 4.11.22,13277,415,119.033772,5/2/22,5/2/22,New York,,,,,
Prospecting | new markets | 4.11.22,1954,53,14.310453,5/2/22,5/2/22,Omaha,,,,,
Prospecting | new markets | 4.11.22,1435,42,12.570398,5/2/22,5/2/22,Orlando-Daytona Bch-Melbrn,,,,,
Prospecting | new markets | 4.11.22,2153,67,19.140606,5/2/22,5/2/22,"Portland, OR",,,,,
Prospecting | new markets | 4.11.22,248,12,1.960062,5/2/22,5/2/22,Providence-New Bedford,,,,,
Prospecting | new markets | 4.11.22,1234,33,9.900314,5/2/22,5/2/22,Raleigh-Durham (Fayetvlle),,,,,
Prospecting | new markets | 4.11.22,1371,44,10.530334,5/2/22,5/2/22,Richmond-Petersburg,,,,,
Prospecting | new markets | 4.11.22,1297,41,9.510301,5/2/22,5/2/22,"Rochester, NY",,,,,
Prospecting | new markets | 4.11.22,1826,58,15.980506,5/2/22,5/2/22,San Antonio,,,,,
Prospecting | new markets | 4.11.22,880,26,7.380234,5/2/22,5/2/22,Spokane,,,,,
Prospecting | new markets | 4.11.22,54,4,0.33001,5/2/22,5/2/22,Springfield-Holyoke,,,,,
Prospecting | new markets | 4.11.22,2332,60,18.110574,5/2/22,5/2/22,St. Louis,,,,,
Prospecting | new markets | 4.11.22,1522,50,13.220419,5/2/22,5/2/22,Tampa-St. Pete (Sarasota),,,,,
Prospecting | new markets | 4.11.22,65,2,0.450014,5/2/22,5/2/22,Toledo,,,,,
Prospecting | new markets | 4.11.22,767,19,6.93022,5/2/22,5/2/22,Unknown,,,,,
Prospecting | new markets | 4.11.22,8000,236,65.252068,5/2/22,5/2/22,"Washington, DC (Hagrstwn)",,,,,
Prospecting | new markets | 4.11.22,944,28,7.130226,5/2/22,5/2/22,Wilkes Barre-Scranton-Hztn,,,,,
Prospecting | new markets | 4.11.22,16,1,0.120004,5/2/22,5/2/22,Youngstown,,,,,
Prospecting | new markets | 4.11.22,2251,90,22.878453,5/4/22,5/4/22,Atlanta,,,,,
Prospecting | new markets | 4.11.22,1251,40,12.704694,5/4/22,5/4/22,Baltimore,,,,,
Prospecting | new markets | 4.11.22,464,17,4.191549,5/4/22,5/4/22,Baton Rouge,,,,,
Prospecting | new markets | 4.11.22,1491,43,15.825847,5/4/22,5/4/22,Boston (Manchester),,,,,
Prospecting | new markets | 4.11.22,792,24,7.332709,5/4/22,5/4/22,Buffalo,,,,,
Prospecting | new markets | 4.11.22,324,4,3.231194,5/4/22,5/4/22,"Charleston, SC",,,,,
Prospecting | new markets | 4.11.22,4726,152,48.858051,5/4/22,5/4/22,Chicago,,,,,
Prospecting | new markets | 4.11.22,992,34,9.583541,5/4/22,5/4/22,Cincinnati,,,,,
Prospecting | new markets | 4.11.22,1216,41,11.634298,5/4/22,5/4/22,Cleveland-Akron (Canton),,,,,
Prospecting | new markets | 4.11.22,1455,52,13.34493,5/4/22,5/4/22,"Columbus, OH",,,,,
Prospecting | new markets | 4.11.22,1629,55,17.406431,5/4/22,5/4/22,Dallas-Ft. Worth,,,,,
Prospecting | new markets | 4.11.22,404,19,3.76139,5/4/22,5/4/22,Des Moines-Ames,,,,,
Prospecting | new markets | 4.11.22,2041,68,20.457558,5/4/22,5/4/22,Detroit,,,,,
Prospecting | new markets | 4.11.22,400,10,3.49129,5/4/22,5/4/22,Grand Rapids-Kalmzoo-B.Crk,,,,,
Prospecting | new markets | 4.11.22,429,13,4.471652,5/4/22,5/4/22,Greensboro-H.Point-W.Salem,,,,,
Prospecting | new markets | 4.11.22,21,0,0.100037,5/4/22,5/4/22,Hartford & New Haven,,,,,
Prospecting | new markets | 4.11.22,2128,62,21.888087,5/4/22,5/4/22,Houston,,,,,
Prospecting | new markets | 4.11.22,1579,36,14.355304,5/4/22,5/4/22,Indianapolis,,,,,
Prospecting | new markets | 4.11.22,683,20,7.112628,5/4/22,5/4/22,Jacksonville,,,,,
Prospecting | new markets | 4.11.22,1101,26,10.693951,5/4/22,5/4/22,Kansas City,,,,,
Prospecting | new markets | 4.11.22,11,0,0.140052,5/4/22,5/4/22,Lansing,,,,,
Prospecting | new markets | 4.11.22,1012,23,9.143378,5/4/22,5/4/22,Louisville,,,,,
Prospecting | new markets | 4.11.22,780,27,7.782876,5/4/22,5/4/22,Madison,,,,,
Prospecting | new markets | 4.11.22,789,27,9.233411,5/4/22,5/4/22,Miami-Ft. Lauderdale,,,,,
Prospecting | new markets | 4.11.22,1347,54,13.905137,5/4/22,5/4/22,Milwaukee,,,,,
Prospecting | new markets | 4.11.22,1518,49,16.025921,5/4/22,5/4/22,Minneapolis-St. Paul,,,,,
Prospecting | new markets | 4.11.22,929,32,9.313441,5/4/22,5/4/22,New Orleans,,,,,
Prospecting | new markets | 4.11.22,4417,149,49.928447,5/4/22,5/4/22,New York,,,,,
Prospecting | new markets | 4.11.22,783,30,7.372724,5/4/22,5/4/22,Omaha,,,,,
Prospecting | new markets | 4.11.22,702,30,8.293064,5/4/22,5/4/22,Orlando-Daytona Bch-Melbrn,,,,,
Prospecting | new markets | 4.11.22,1446,43,15.955895,5/4/22,5/4/22,"Portland, OR",,,,,
Prospecting | new markets | 4.11.22,63,1,0.710262,5/4/22,5/4/22,Providence-New Bedford,,,,,
Prospecting | new markets | 4.11.22,492,15,5.111889,5/4/22,5/4/22,Raleigh-Durham (Fayetvlle),,,,,
Prospecting | new markets | 4.11.22,535,12,4.8718,5/4/22,5/4/22,Richmond-Petersburg,,,,,
Prospecting | new markets | 4.11.22,436,15,3.791401,5/4/22,5/4/22,"Rochester, NY",,,,,
Prospecting | new markets | 4.11.22,1132,40,11.294173,5/4/22,5/4/22,San Antonio,,,,,
Prospecting | new markets | 4.11.22,639,16,6.44238,5/4/22,5/4/22,Spokane,,,,,
Prospecting | new markets | 4.11.22,18,1,0.170063,5/4/22,5/4/22,Springfield-Holyoke,,,,,
Prospecting | new markets | 4.11.22,916,34,9.133374,5/4/22,5/4/22,St. Louis,,,,,
Prospecting | new markets | 4.11.22,732,19,8.373094,5/4/22,5/4/22,Tampa-St. Pete (Sarasota),,,,,
Prospecting | new markets | 4.11.22,23,1,0.200074,5/4/22,5/4/22,Toledo,,,,,
Prospecting | new markets | 4.11.22,291,10,3.211186,5/4/22,5/4/22,Unknown,,,,,
Prospecting | new markets | 4.11.22,2900,90,30.041099,5/4/22,5/4/22,"Washington, DC (Hagrstwn)",,,,,
Prospecting | new markets | 4.11.22,353,8,3.401257,5/4/22,5/4/22,Wilkes Barre-Scranton-Hztn,,,,,
Prospecting | new markets | 4.11.22,4,0,0.020007,5/4/22,5/4/22,Youngstown,,,,,